name,g,ab,r,hr,rbi,sb,avg,obp,r_score,r_trend,hr_score,hr_trend,rbi_score,rbi_trend,sb_score,sb_trend,avg_score,avg_trend,obp_score,obp_trend,total_score,total_trend
Miguel Cabrera,472,1742,113.606,38.441,126.992,3.089,0.334,0.420,2.119,-0.201,2.209,0.053,2.519,0.026,-0.695,-0.001,2.870,-0.075,3.030,-0.322,12.053,-0.521
Mike Trout,179,682,134.849,31.676,89.598,47.966,0.306,0.379,3.296,0.000,1.490,0.000,0.801,0.000,3.057,0.000,1.707,0.000,1.572,0.000,11.923,0.000
Ryan Braun,461,1780,111.748,34.790,114.560,27.059,0.318,0.384,2.016,0.290,1.821,0.734,1.948,0.222,1.309,0.650,2.192,0.212,1.778,0.465,11.064,2.574
Carlos Gonzalez,407,1586,116.226,32.639,117.022,26.270,0.313,0.371,2.264,-0.378,1.592,-0.628,2.061,-0.633,1.243,-0.230,1.972,-0.628,1.289,0.015,10.422,-2.482
Josh Hamilton,402,1567,112.030,40.299,129.761,9.269,0.313,0.370,2.031,-0.018,2.406,0.282,2.646,0.341,-0.178,-0.114,1.997,-1.349,1.266,-0.763,10.169,-1.622
Joey Votto,422,1520,102.114,30.711,104.417,11.133,0.321,0.434,1.482,-0.676,1.387,-1.000,1.482,-0.859,-0.022,-0.428,2.322,0.130,3.511,0.794,10.162,-2.039
Jose Bautista,402,1414,112.030,49.970,117.672,9.269,0.271,0.400,2.031,0.131,3.434,-0.436,2.091,-0.249,-0.178,-0.041,0.210,-0.247,2.309,-0.204,9.898,-1.046
Albert Pujols,460,1773,107.413,38.387,113.400,10.917,0.298,0.375,1.776,-0.658,2.203,-0.620,1.895,-0.232,-0.040,-0.263,1.367,-0.483,1.449,-0.974,8.649,-3.230
Troy Tulowitzki,312,1188,105.404,33.750,117.865,11.423,0.305,0.374,1.664,-1.215,1.710,-0.146,2.100,-0.306,0.002,-0.409,1.634,-0.443,1.394,-0.141,8.505,-2.661
Matt Kemp,429,1607,102.336,33.986,107.245,25.678,0.291,0.358,1.494,0.829,1.735,0.258,1.612,0.345,1.194,-0.239,1.041,0.939,0.859,0.945,7.934,3.077
Jacoby Ellsbury,250,1041,111.456,23.328,88.128,38.880,0.297,0.348,2.000,-1.430,0.603,-2.426,0.733,-2.136,2.298,-0.750,1.302,-1.787,0.500,-1.821,7.436,-10.350
David Ortiz,381,1367,99.921,35.717,109.701,0.425,0.296,0.391,1.360,0.580,1.919,0.175,1.725,-0.146,-0.917,-0.033,1.279,0.797,2.025,0.752,7.391,2.125
Robinson Cano,480,1876,105.300,30.375,108.338,4.725,0.311,0.370,1.659,0.082,1.352,0.102,1.662,-0.342,-0.558,-0.033,1.911,-0.183,1.265,0.050,7.290,-0.323
Adrian Beltre,434,1680,97.424,35.834,115.341,1.493,0.314,0.353,1.222,0.297,1.932,0.292,1.984,-0.043,-0.828,-0.075,2.012,-0.071,0.684,-0.001,7.006,0.399
Prince Fielder,485,1728,90.854,33.402,103.880,1.002,0.291,0.409,0.858,-0.262,1.673,-0.183,1.457,0.517,-0.869,-0.033,1.061,0.887,2.637,0.237,6.817,1.163
Matt Holliday,439,1641,100.743,28.415,103.326,5.535,0.302,0.385,1.406,0.056,1.143,-0.114,1.432,-0.020,-0.490,-0.234,1.505,-0.322,1.809,-0.074,6.805,-0.708
Andrew McCutchen,469,1735,99.480,24.179,83.245,26.252,0.291,0.376,1.336,0.340,0.693,0.649,0.509,0.869,1.242,-0.588,1.060,0.659,1.493,0.594,6.333,2.522
Adrian Gonzalez,478,1850,91.506,25.757,110.485,1.017,0.312,0.382,0.894,-0.271,0.861,-0.684,1.761,0.151,-0.868,0.048,1.936,-0.008,1.710,-0.647,6.293,-1.410
Paul Konerko,442,1624,82.100,35.186,106.656,0.367,0.304,0.384,0.373,-0.543,1.863,-0.709,1.585,-0.776,-0.922,-0.033,1.586,-0.276,1.776,-0.244,6.260,-2.580
Evan Longoria,358,1330,96.385,31.676,116.749,9.050,0.275,0.365,1.165,-0.410,1.490,0.566,2.048,0.160,-0.196,-0.497,0.392,-0.098,1.103,0.029,6.002,-0.249
Dustin Pedroia,375,1500,101.952,20.736,85.104,23.760,0.297,0.368,1.473,-0.496,0.327,-0.472,0.594,-0.276,1.033,0.111,1.296,0.020,1.209,-0.204,5.933,-1.317
Yoenis Cespedes,129,487,87.907,28.884,102.977,20.093,0.292,0.356,0.695,0.000,1.193,0.000,1.416,0.000,0.727,0.000,1.082,0.000,0.764,0.000,5.876,0.000
Buster Posey,301,1098,82.346,24.757,102.797,2.153,0.317,0.384,0.387,0.000,0.755,0.000,1.407,0.000,-0.773,0.000,2.149,0.000,1.752,0.000,5.676,0.000
Curtis Granderson,452,1645,112.540,38.708,104.655,16.845,0.247,0.337,2.060,0.363,2.237,0.618,1.493,0.583,0.455,-0.197,-0.802,-0.155,0.107,0.017,5.550,1.230
David Wright,415,1557,92.906,24.983,100.323,18.347,0.285,0.365,0.972,0.155,0.779,-0.453,1.294,-0.213,0.581,-0.190,0.785,0.385,1.110,0.635,5.520,0.320
Justin Upton,442,1641,104.457,23.824,82.100,20.891,0.281,0.361,1.612,0.721,0.655,-0.169,0.456,-0.225,0.794,-0.129,0.633,0.143,0.940,0.070,5.090,0.413
Jose Reyes,419,1742,104.391,11.212,59.928,42.143,0.301,0.350,1.608,-0.319,-0.685,-0.151,-0.563,-0.127,2.570,0.130,1.470,0.076,0.571,0.490,4.971,0.099
Alex Rodriguez,358,1358,97.291,28.961,110.413,9.503,0.272,0.351,1.215,0.309,1.201,-0.623,1.757,-1.544,-0.158,0.467,0.277,0.069,0.609,0.271,4.901,-1.051
Mike Stanton,373,1324,86.429,40.391,100.761,6.949,0.270,0.350,0.613,0.685,2.416,0.520,1.314,0.362,-0.372,-0.039,0.190,0.548,0.562,0.616,4.723,2.691
Ian Kinsler,415,1666,116.718,23.422,75.730,25.764,0.263,0.350,2.291,-0.110,0.613,0.205,0.163,0.103,1.201,-0.106,-0.125,-0.478,0.579,-0.746,4.722,-1.132
Ryan Zimmerman,388,1498,96.031,25.887,95.613,5.010,0.292,0.363,1.145,0.219,0.875,-0.101,1.077,0.186,-0.534,0.009,1.116,-0.439,1.040,-0.536,4.718,-0.663
Corey Hart,424,1612,100.104,33.241,94.755,7.259,0.279,0.343,1.371,-0.026,1.656,-0.179,1.038,-0.509,-0.346,-0.126,0.559,-0.195,0.318,-0.006,4.596,-1.042
Shin-Soo Choo,384,1461,86.906,19.406,81.422,23.203,0.284,0.378,0.639,0.056,0.186,-0.439,0.425,-0.647,0.987,-0.141,0.765,-0.308,1.535,-0.334,4.537,-1.812
Hanley Ramirez,391,1485,93.637,22.788,88.251,30.246,0.269,0.346,1.012,-0.558,0.545,-0.028,0.739,0.180,1.576,-0.618,0.147,-0.726,0.411,-0.739,4.430,-2.491
Carl Crawford,315,1223,101.829,16.971,84.857,36.000,0.283,0.324,1.466,-1.634,-0.073,-0.576,0.583,-0.990,2.057,-2.197,0.717,-1.795,-0.338,-1.838,4.412,-9.030
Joe Mauer,366,1351,91.623,9.738,84.098,3.984,0.315,0.399,0.901,-0.336,-0.842,-0.024,0.548,0.111,-0.620,0.271,2.080,-0.222,2.284,0.269,4.352,0.069
Nelson Cruz,391,1459,87.008,31.074,105.652,14.087,0.277,0.332,0.645,-0.029,1.426,-0.478,1.538,-0.546,0.225,-0.720,0.464,-1.004,-0.061,-0.721,4.237,-3.498
Mark Teixeira,437,1641,99.721,35.588,112.325,2.224,0.252,0.347,1.349,-0.689,1.906,-0.187,1.845,-0.022,-0.767,0.072,-0.597,-0.023,0.477,-0.404,4.213,-1.253
Paul Goldschmidt,193,670,92.332,23.503,90.653,18.466,0.278,0.353,0.940,0.000,0.621,0.000,0.849,0.000,0.591,0.000,0.494,0.000,0.688,0.000,4.183,0.000
Aramis Ramirez,422,1600,89.445,29.943,107.872,3.839,0.285,0.341,0.780,0.548,1.306,-0.235,1.640,0.101,-0.632,0.357,0.805,1.046,0.269,1.079,4.168,2.896
Bryce Harper,139,533,114.216,25.640,68.763,20.978,0.270,0.340,2.153,0.000,0.848,0.000,-0.157,0.000,0.801,0.000,0.181,0.000,0.220,0.000,4.046,0.000
Kevin Youkilis,344,1231,102.192,25.901,95.128,3.297,0.264,0.372,1.486,-0.625,0.876,-0.306,1.055,-0.389,-0.677,-0.285,-0.078,-1.186,1.330,-1.040,3.991,-3.831
Allen Craig,238,783,82.361,25.185,102.101,4.765,0.300,0.348,0.387,0.000,0.800,0.000,1.375,0.000,-0.555,0.000,1.441,0.000,0.503,0.000,3.952,0.000
Josh Willingham,395,1377,85.306,32.810,108.273,6.152,0.257,0.361,0.551,0.491,1.610,0.695,1.659,0.907,-0.439,-0.350,-0.370,-0.077,0.940,-0.261,3.951,1.404
Will Middlebrooks,75,267,73.440,32.400,116.640,8.640,0.288,0.325,-0.107,0.000,1.567,0.000,2.043,0.000,-0.231,0.000,0.947,0.000,-0.303,0.000,3.917,0.000
Coco Crisp,331,1276,92.012,13.215,67.541,58.731,0.266,0.324,0.922,-0.422,-0.472,-0.166,-0.213,-0.392,3.957,-0.679,-0.008,-0.303,-0.333,-0.158,3.852,-2.120
Edwin Encarnacion,381,1355,89.291,34.016,91.843,9.354,0.269,0.348,0.771,0.551,1.739,0.359,0.904,0.666,-0.171,0.455,0.116,0.677,0.492,1.252,3.852,3.961
Carlos Beltran,357,1287,82.588,27.681,94.387,9.076,0.279,0.361,0.400,-0.030,1.065,0.689,1.021,0.289,-0.194,0.744,0.550,-1.098,0.954,-1.085,3.796,-0.491
Billy Butler,478,1806,75.577,21.351,94.895,1.356,0.307,0.374,0.012,-0.146,0.393,0.589,1.044,0.587,-0.840,0.047,1.743,-0.148,1.408,-0.147,3.760,0.782
Chase Utley,301,1124,95.262,20.452,82.884,20.452,0.264,0.367,1.102,-0.261,0.297,-0.113,0.492,-0.072,0.757,0.095,-0.069,-0.286,1.149,-0.258,3.728,-0.894
Ryan Howard,366,1367,86.754,34.525,123.934,0.885,0.256,0.339,0.631,-0.855,1.793,-0.233,2.379,0.077,-0.879,-0.078,-0.414,-0.890,0.194,-0.777,3.703,-2.756
Hunter Pence,470,1837,90.996,24.472,100.647,10.685,0.283,0.338,0.866,-0.180,0.724,-0.146,1.308,0.222,-0.060,-0.573,0.701,-0.451,0.140,-0.001,3.680,-1.129
Nick Swisher,448,1629,89.317,27.482,96.549,1.808,0.274,0.366,0.773,-0.377,1.044,-0.313,1.120,0.115,-0.802,0.012,0.333,-0.260,1.124,0.161,3.592,-0.662
Lance Berkman,299,973,81.271,25.465,86.147,3.793,0.275,0.391,0.327,1.934,0.830,1.578,0.642,1.250,-0.636,-0.201,0.402,1.992,2.024,1.423,3.589,7.977
Michael Bourn,454,1815,97.771,4.639,51.740,55.308,0.279,0.346,1.241,0.138,-1.384,0.303,-0.939,0.392,3.671,-0.655,0.543,0.185,0.430,0.200,3.563,0.563
Alejandro De Aza,204,706,92.912,10.324,59.559,31.765,0.292,0.359,0.972,0.000,-0.780,0.000,-0.580,0.000,1.703,0.000,1.090,0.000,0.897,0.000,3.302,0.000
Torii Hunter,448,1687,85.701,22.420,95.464,8.317,0.285,0.351,0.572,0.353,0.506,-0.345,1.070,0.215,-0.258,0.001,0.785,0.520,0.619,0.246,3.295,0.991
Alex Gordon,386,1495,95.689,18.886,75.124,11.751,0.285,0.363,1.126,-0.771,0.130,-1.147,0.135,-0.902,0.030,-0.655,0.803,-0.377,1.010,-0.220,3.234,-4.071
Brandon Phillips,452,1816,100.354,19.354,78.133,16.128,0.285,0.336,1.384,-0.204,0.180,-0.009,0.274,0.518,0.395,-0.038,0.815,0.126,0.060,-0.068,3.109,0.325
Jayson Werth,387,1415,90.837,21.767,72.837,16.744,0.271,0.365,0.857,-0.621,0.437,-0.909,0.030,-0.529,0.447,0.069,0.232,0.042,1.087,0.057,3.089,-1.891
Mike Napoli,361,1174,83.019,35.900,89.302,4.039,0.261,0.355,0.424,0.273,1.939,0.197,0.787,0.130,-0.615,-0.157,-0.220,-0.071,0.759,0.497,3.073,0.869
Mike Morse,346,1194,75.850,29.965,92.705,0.936,0.296,0.345,0.027,0.640,1.308,0.108,0.943,0.664,-0.875,-0.033,1.253,0.012,0.398,-0.363,3.054,1.029
Jay Bruce,460,1654,89.100,32.048,93.678,7.748,0.262,0.340,0.761,0.171,1.529,0.307,0.988,0.574,-0.305,0.125,-0.146,-0.453,0.209,-0.289,3.036,0.434
Derek Jeter,447,1892,106.550,11.235,67.409,15.584,0.294,0.352,1.728,-0.296,-0.683,0.189,-0.219,-0.172,0.350,-0.404,1.200,0.776,0.649,0.418,3.025,0.510
Jason Kipnis,188,727,94.787,18.096,81.862,31.021,0.260,0.335,1.076,0.000,0.046,0.000,0.445,0.000,1.641,0.000,-0.248,0.000,0.026,0.000,2.986,0.000
Melky Cabrera,415,1575,92.125,12.882,73.778,15.614,0.303,0.348,0.928,1.687,-0.508,0.496,0.074,0.876,0.352,0.403,1.556,1.522,0.485,1.163,2.888,6.147
Brett Gardner,325,1018,95.206,5.982,42.868,48.849,0.269,0.365,1.099,-0.705,-1.241,0.194,-1.347,-0.462,3.131,-0.111,0.138,-0.568,1.105,-1.004,2.885,-2.656
Ben Zobrist,464,1689,92.172,17.457,83.793,19.901,0.259,0.359,0.931,0.237,-0.021,0.417,0.534,-0.065,0.711,-0.479,-0.275,0.605,0.868,0.547,2.747,1.263
Angel Pagan,428,1662,91.977,9.841,68.509,37.093,0.281,0.334,0.920,0.393,-0.831,-0.201,-0.169,-0.282,2.148,-0.393,0.636,-0.049,0.003,0.063,2.708,-0.468
Shane Victorino,433,1701,93.908,17.210,69.215,34.420,0.264,0.334,1.027,-0.400,-0.048,-0.441,-0.136,-0.348,1.925,0.114,-0.080,0.006,-0.004,0.005,2.684,-1.064
Andre Ethier,423,1560,83.106,20.681,89.234,1.532,0.289,0.361,0.429,0.107,0.321,-0.305,0.784,0.024,-0.825,-0.039,0.977,-0.138,0.951,-0.107,2.638,-0.458
Rickie Weeks,435,1692,102.041,26.069,72.621,13.407,0.255,0.349,1.478,-0.608,0.894,-0.432,0.020,-0.375,0.168,0.183,-0.444,-0.587,0.519,-0.478,2.635,-2.298
Adam Jones,462,1796,86.610,26.649,82.052,12.273,0.284,0.326,0.623,0.552,0.956,0.466,0.454,0.169,0.073,0.302,0.761,0.054,-0.259,0.235,2.608,1.778
B.J. Upton,453,1669,89.404,24.675,79.033,38.980,0.242,0.317,0.778,-0.118,0.746,0.506,0.315,0.475,2.306,-0.416,-1.002,0.256,-0.592,-0.253,2.551,0.450
Jimmy Rollins,386,1549,99.466,19.725,72.187,32.316,0.255,0.325,1.335,0.485,0.220,0.375,0.000,-0.074,1.749,-0.034,-0.457,0.211,-0.323,0.034,2.524,0.997
Chase Headley,435,1595,80.069,17.131,80.814,17.503,0.278,0.357,0.260,0.489,-0.056,0.890,0.397,1.222,0.510,-0.030,0.526,0.409,0.831,0.819,2.468,3.799
Norichika Aoki,151,520,86.901,10.728,53.642,32.185,0.288,0.355,0.639,0.000,-0.737,0.000,-0.852,0.000,1.738,0.000,0.950,0.000,0.729,0.000,2.468,0.000
Brett Lawrie,168,644,95.464,19.286,70.393,19.286,0.278,0.336,1.114,0.000,0.173,0.000,-0.082,0.000,0.659,0.000,0.508,0.000,0.067,0.000,2.439,0.000
Michael Young,472,1898,91.297,13.729,90.610,4.119,0.299,0.341,0.883,-0.475,-0.418,-0.681,0.847,-0.496,-0.609,-0.114,1.405,-0.104,0.256,-0.176,2.365,-2.046
Austin Jackson,441,1752,108.735,11.020,55.837,22.408,0.280,0.346,1.849,0.345,-0.706,0.648,-0.751,0.763,0.920,-0.617,0.605,0.103,0.418,0.559,2.335,1.801
Carlos Quentin,335,1158,82.209,31.916,101.552,1.451,0.251,0.349,0.379,-0.158,1.515,-0.174,1.350,-0.444,-0.832,-0.131,-0.613,0.380,0.530,0.560,2.329,0.034
Salvador Perez,115,437,81.704,19.722,84.522,0.000,0.311,0.339,0.351,0.000,0.219,0.000,0.567,0.000,-0.953,0.000,1.908,0.000,0.186,0.000,2.278,0.000
Desmond Jennings,212,773,102.396,17.575,56.547,40.500,0.248,0.327,1.498,0.000,-0.009,0.000,-0.718,0.000,2.433,0.000,-0.736,0.000,-0.233,0.000,2.234,0.000
Wilin Rosario,133,450,88.917,37.759,96.226,4.872,0.262,0.302,0.751,0.000,2.137,0.000,1.105,0.000,-0.546,0.000,-0.154,0.000,-1.108,0.000,2.186,0.000
Alexis Rios,449,1709,88.757,21.287,80.459,24.535,0.273,0.313,0.742,-0.014,0.386,0.059,0.381,-0.065,1.098,-0.574,0.311,0.328,-0.747,0.099,2.170,-0.167
David Freese,311,1074,72.405,17.711,88.553,2.605,0.295,0.363,-0.164,0.471,0.006,0.403,0.753,-0.167,-0.735,0.133,1.232,-0.214,1.021,0.696,2.112,1.321
Chipper Jones,333,1159,78.324,20.432,86.595,3.892,0.276,0.365,0.164,0.120,0.295,0.095,0.663,0.252,-0.628,-0.313,0.430,0.397,1.110,0.030,2.034,0.580
Dan Uggla,474,1712,93.646,30.076,90.570,3.076,0.248,0.343,1.013,-0.250,1.320,-0.715,0.845,-0.525,-0.696,-0.027,-0.766,-1.072,0.309,-0.239,2.025,-2.828
Jason Heyward,428,1503,85.542,22.332,74.187,15.519,0.261,0.352,0.564,0.055,0.497,0.272,0.092,0.057,0.344,0.326,-0.213,-0.103,0.641,-0.775,1.925,-0.168
Justin Morneau,284,1065,77.007,23.387,92.979,0.570,0.279,0.352,0.091,-0.723,0.609,-0.691,0.956,-0.408,-0.905,0.015,0.547,-1.363,0.624,-1.457,1.921,-4.627
Kendry Morales,185,677,78.811,28.897,98.076,0.000,0.278,0.327,0.191,0.000,1.195,0.000,1.190,0.000,-0.953,0.000,0.497,0.000,-0.224,0.000,1.896,0.000
Michael Cuddyer,397,1496,88.141,20.403,85.285,10.610,0.273,0.335,0.708,-0.244,0.292,0.471,0.602,0.209,-0.066,0.192,0.288,-0.144,0.047,-0.189,1.871,0.294
Martin Prado,425,1767,94.151,14.485,73.567,9.911,0.290,0.339,1.041,-0.758,-0.337,-0.377,0.064,-0.051,-0.124,0.440,1.029,-0.137,0.166,0.209,1.838,-0.674
Miguel Montero,366,1276,73.475,18.590,96.049,0.443,0.280,0.363,-0.105,0.168,0.099,-0.050,1.097,0.409,-0.916,-0.033,0.585,0.365,1.013,0.954,1.773,1.815
Nick Markakis,424,1690,80.236,15.283,71.448,7.642,0.292,0.361,0.270,0.331,-0.252,0.331,-0.033,0.523,-0.314,-0.252,1.112,-0.019,0.947,-0.013,1.728,0.901
Brandon Moss,106,297,76.415,32.094,82.528,1.528,0.273,0.337,0.058,0.000,1.534,0.000,0.476,0.000,-0.825,0.000,0.288,0.000,0.126,0.000,1.657,0.000
Jim Thome,259,716,60.672,30.023,83.815,0.000,0.265,0.378,-0.814,-0.734,1.314,-1.063,0.535,0.001,-0.953,-0.063,-0.021,-0.871,1.540,-1.388,1.600,-4.118
Carlos Ruiz,367,1153,65.330,13.243,71.068,2.207,0.303,0.388,-0.556,0.569,-0.469,0.516,-0.051,0.557,-0.768,0.194,1.549,0.339,1.895,-0.002,1.599,2.172
Juan Pierre,448,1684,84.978,1.446,44.116,47.732,0.284,0.339,0.532,-0.572,-1.723,-0.013,-1.290,-0.276,3.038,-0.928,0.756,0.539,0.175,0.236,1.488,-1.014
Chris Young,413,1476,85.903,23.927,79.627,22.751,0.243,0.331,0.584,-0.990,0.666,-0.332,0.342,-0.587,0.949,-0.675,-0.953,-0.351,-0.107,-0.345,1.482,-3.281
Carlos Santana,344,1209,84.297,24.017,83.355,5.180,0.247,0.363,0.495,-0.356,0.676,-0.904,0.514,0.107,-0.520,-0.148,-0.781,0.532,1.035,0.437,1.418,-0.333
Elvis Andrus,456,1804,95.566,2.842,55.776,31.974,0.277,0.346,1.119,-0.198,-1.575,0.120,-0.754,0.590,1.720,-0.565,0.475,0.380,0.428,0.181,1.414,0.509
Starlin Castro,445,1783,80.818,9.829,67.348,20.751,0.297,0.336,0.302,0.252,-0.832,0.439,-0.222,0.563,0.782,0.448,1.297,-0.301,0.075,-0.263,1.402,1.139
Neil Walker,398,1494,79.372,15.467,88.734,7.327,0.282,0.341,0.222,-0.131,-0.233,-0.059,0.761,-0.218,-0.340,0.200,0.670,-0.278,0.245,-0.014,1.324,-0.499
Pablo Sandoval,377,1385,75.199,20.626,84.223,2.578,0.287,0.339,-0.009,0.615,0.315,0.145,0.554,0.596,-0.737,-0.100,0.874,0.274,0.175,0.368,1.172,1.898
Marco Scutaro,419,1647,92.019,9.666,71.141,6.959,0.293,0.345,0.923,-0.191,-0.850,-0.257,-0.048,0.380,-0.371,0.125,1.127,0.522,0.380,0.310,1.161,0.889
Dexter Fowler,400,1374,92.745,9.720,54.270,14.985,0.275,0.367,0.963,-0.175,-0.844,0.306,-0.823,0.390,0.300,-0.124,0.389,0.697,1.163,0.705,1.148,1.798
David Murphy,405,1280,66.000,15.200,68.800,14.000,0.291,0.356,-0.519,0.219,-0.261,0.065,-0.155,-0.162,0.217,-0.246,1.041,0.197,0.797,0.409,1.120,0.483
Asdrubal Cabrera,391,1540,81.207,18.230,78.307,13.258,0.273,0.333,0.323,0.374,0.061,0.576,0.282,0.646,0.155,-0.024,0.288,-0.061,-0.038,0.272,1.072,1.783
Freddie Freeman,324,1135,80.500,22.500,85.500,3.000,0.269,0.340,0.284,1.552,0.515,0.187,0.612,0.997,-0.702,-0.156,0.120,-0.764,0.221,-0.141,1.050,1.675
Yadier Molina,413,1445,60.407,16.475,79.627,9.414,0.295,0.351,-0.829,0.909,-0.126,0.830,0.342,0.342,-0.166,0.150,1.217,0.892,0.608,0.736,1.047,3.860
Adam LaRoche,348,1282,77.276,28.397,100.086,0.931,0.255,0.327,0.106,0.000,1.141,0.000,1.283,0.000,-0.875,0.000,-0.454,0.000,-0.253,0.000,0.947,0.000
Justin Ruggiano,137,393,57.942,20.102,57.942,17.737,0.295,0.348,-0.966,0.000,0.260,0.000,-0.654,0.000,0.530,0.000,1.232,0.000,0.503,0.000,0.905,0.000
Rafael Furcal,305,1193,95.075,11.154,63.738,22.839,0.267,0.331,1.092,-0.408,-0.691,-0.355,-0.388,-0.097,0.956,-0.851,0.029,-0.607,-0.106,-0.521,0.892,-2.840
Mark Trumbo,301,1098,71.581,32.831,99.030,6.997,0.259,0.302,-0.210,0.128,1.613,0.222,1.234,0.456,-0.368,-0.424,-0.304,0.509,-1.113,0.799,0.852,1.690
Jason Kubel,383,1390,76.136,26.648,101.514,0.846,0.257,0.327,0.042,0.256,0.955,0.429,1.348,-0.028,-0.882,0.013,-0.380,0.146,-0.243,0.160,0.841,0.977
Scott Podsednik,197,738,67.431,5.756,51.807,35.360,0.298,0.337,-0.440,0.000,-1.265,0.000,-0.936,0.000,2.003,0.000,1.356,0.000,0.101,0.000,0.820,0.000
Andy Dirks,166,533,87.831,14.639,61.482,5.855,0.293,0.340,0.691,0.000,-0.321,0.000,-0.491,0.000,-0.463,0.000,1.128,0.000,0.208,0.000,0.750,0.000
Ichiro Suzuki,485,1986,77.159,6.680,48.433,37.076,0.290,0.326,0.099,0.094,-1.167,0.106,-1.091,0.312,2.147,-0.544,1.016,-0.569,-0.272,-0.686,0.732,-1.287
Matthew Joyce,342,1077,72.947,21.789,82.421,9.000,0.256,0.347,-0.134,-0.430,0.439,-0.119,0.471,-0.413,-0.201,-0.777,-0.404,-1.186,0.473,-0.142,0.644,-3.067
Emilio Bonifacio,289,989,77.356,3.363,31.952,45.965,0.280,0.345,0.110,0.000,-1.519,0.000,-1.849,0.000,2.890,0.000,0.598,0.000,0.409,0.000,0.639,0.000
Alfonso Soriano,435,1532,68.897,30.538,102.414,4.841,0.255,0.312,-0.359,-0.006,1.369,0.295,1.390,0.601,-0.548,0.005,-0.448,0.127,-0.767,0.097,0.637,1.118
Drew Stubbs,444,1611,94.135,18.608,58.743,36.486,0.238,0.311,1.040,-0.190,0.101,-0.394,-0.617,-0.712,2.097,0.104,-1.183,-0.599,-0.814,-0.678,0.624,-2.467
Brian McCann,392,1384,65.296,26.862,88.852,4.546,0.257,0.344,-0.558,-0.308,0.978,0.073,0.766,0.061,-0.573,-0.097,-0.364,-0.589,0.346,-1.019,0.596,-1.879
Josh Rutledge,73,277,82.110,17.753,82.110,15.534,0.274,0.306,0.373,0.000,0.010,0.000,0.457,0.000,0.346,0.000,0.357,0.000,-0.982,0.000,0.561,0.000
Travis Hafner,278,940,64.101,22.144,82.165,1.165,0.267,0.363,-0.624,0.458,0.477,0.470,0.459,1.330,-0.855,-0.281,0.048,0.142,1.033,-0.263,0.537,1.856
Ike Davis,339,1171,75.982,27.717,88.885,1.434,0.252,0.336,0.034,0.000,1.069,0.000,0.768,0.000,-0.833,0.000,-0.587,0.000,0.071,0.000,0.522,0.000
Howie Kendrick,445,1703,76.449,13.106,74.629,15.290,0.284,0.325,0.060,-0.140,-0.484,-0.107,0.113,-0.039,0.325,0.012,0.747,0.145,-0.312,0.264,0.448,0.134
Rajai Davis,380,1292,74.179,5.968,52.863,55.421,0.263,0.304,-0.066,-0.028,-1.243,0.128,-0.888,-0.155,3.680,-0.191,-0.114,-0.418,-1.033,-0.067,0.337,-0.730
Aaron Hill,431,1657,84.195,22.552,80.436,13.907,0.253,0.312,0.489,0.397,0.520,-0.241,0.380,0.193,0.210,0.453,-0.522,1.741,-0.752,1.412,0.325,3.955
Jose Altuve,204,797,84.176,7.147,38.912,31.765,0.286,0.329,0.488,0.000,-1.117,0.000,-1.529,0.000,1.703,0.000,0.850,0.000,-0.181,0.000,0.213,0.000
Eric Hosmer,280,1058,75.793,19.093,79.843,15.621,0.262,0.319,0.023,-0.777,0.152,-1.009,0.352,-1.475,0.353,0.245,-0.171,-2.015,-0.531,-0.831,0.180,-5.862
Kelly Johnson,443,1637,83.743,23.038,67.287,15.725,0.245,0.330,0.464,-0.689,0.572,-0.493,-0.225,-0.218,0.362,0.061,-0.880,-0.935,-0.118,-0.751,0.175,-3.026
Daniel Murphy,265,962,67.857,7.336,69.691,9.170,0.302,0.344,-0.416,-0.491,-1.097,-0.354,-0.114,-0.248,-0.186,0.232,1.541,-1.091,0.358,-0.848,0.084,-2.800
Mark Reynolds,435,1490,84.910,34.262,89.379,5.214,0.213,0.326,0.529,-0.234,1.765,-0.465,0.791,-0.249,-0.517,-0.295,-2.207,0.557,-0.290,0.302,0.070,-0.383
Todd Helton,311,1059,71.884,15.106,74.489,0.521,0.270,0.366,-0.193,0.644,-0.271,0.734,0.106,1.769,-0.909,-0.063,0.176,1.689,1.148,0.814,0.057,5.588
Luke Scott,291,970,71.814,27.835,82.948,4.454,0.253,0.327,-0.197,0.000,1.082,0.000,0.495,0.000,-0.581,0.000,-0.559,0.000,-0.230,0.000,0.010,0.000
Ben Revere,254,989,81.000,0.000,40.819,47.197,0.278,0.319,0.312,0.671,-1.877,-0.070,-1.441,0.006,2.993,0.405,0.513,0.872,-0.505,0.716,-0.006,2.601
Wilson Betemit,283,940,66.975,18.890,73.845,2.290,0.280,0.346,-0.465,-0.099,0.131,-0.346,0.077,-0.381,-0.761,-0.033,0.585,-0.600,0.418,-0.743,-0.015,-2.203
Ian Desmond,438,1622,72.493,15.904,69.164,23.301,0.271,0.313,-0.159,0.720,-0.186,0.915,-0.138,0.497,0.995,0.299,0.201,0.421,-0.744,0.489,-0.032,3.341
Jon Jay,381,1185,73.559,7.654,44.220,11.480,0.300,0.359,-0.100,0.646,-1.063,-0.063,-1.285,0.350,0.007,0.892,1.454,0.052,0.874,0.298,-0.115,2.176
Delmon Young,428,1617,70.023,19.304,94.626,2.271,0.278,0.311,-0.296,-0.586,0.175,-0.198,1.032,-0.832,-0.763,-0.243,0.523,-0.532,-0.805,-0.449,-0.135,-2.840
Bobby Abreu,396,1294,69.955,12.682,66.273,20.864,0.252,0.352,-0.300,-1.461,-0.529,-1.119,-0.271,-0.497,0.791,-0.156,-0.586,0.024,0.643,0.145,-0.252,-3.064
Cody Ross,404,1406,78.193,20.050,79.396,6.416,0.260,0.324,0.156,0.330,0.254,0.534,0.332,0.691,-0.417,-0.311,-0.264,0.012,-0.333,0.165,-0.271,1.420
Jonny Gomes,367,1101,72.392,22.071,77.689,6.621,0.249,0.340,-0.165,-0.206,0.469,0.394,0.253,-0.351,-0.399,-0.054,-0.715,-0.026,0.204,0.814,-0.354,0.570
Denard Span,351,1429,89.077,4.154,53.077,22.615,0.271,0.334,0.760,0.029,-1.435,0.059,-0.878,-0.152,0.938,-0.268,0.208,0.354,0.021,0.258,-0.387,0.281
Dee Gordon,143,527,81.566,1.133,31.720,63.441,0.260,0.299,0.343,0.000,-1.756,0.000,-1.859,0.000,4.351,0.000,-0.249,0.000,-1.232,0.000,-0.402,0.000
Johnny Damon,359,1328,83.482,12.635,64.529,15.343,0.259,0.331,0.450,-0.163,-0.534,0.833,-0.351,1.028,0.330,0.598,-0.288,-0.272,-0.096,-0.736,-0.490,1.287
Todd Frazier,169,534,69.018,23.964,78.604,3.834,0.264,0.323,-0.352,0.000,0.670,0.000,0.295,0.000,-0.632,0.000,-0.077,0.000,-0.396,0.000,-0.492,0.000
Jordan Pacheco,153,559,59.294,7.412,72.000,7.412,0.306,0.338,-0.891,0.000,-1.089,0.000,-0.008,0.000,-0.333,0.000,1.684,0.000,0.141,0.000,-0.496,0.000
Adam Dunn,431,1512,78.181,33.828,90.585,0.752,0.212,0.330,0.156,0.190,1.719,0.140,0.846,-0.067,-0.890,0.053,-2.254,-0.832,-0.128,-0.262,-0.551,-0.778
Erick Aybar,422,1607,79.464,8.829,51.057,27.640,0.274,0.317,0.227,-0.080,-0.938,0.121,-0.971,0.440,1.358,-0.142,0.334,0.671,-0.575,0.363,-0.566,1.372
Colby Rasmus,424,1500,89.788,22.925,74.123,8.024,0.240,0.314,0.799,-0.354,0.560,-0.125,0.089,0.154,-0.282,-0.397,-1.088,-0.821,-0.679,-0.974,-0.602,-2.516
Alexei Ramirez,472,1792,76.538,14.415,73.106,13.729,0.272,0.310,0.065,-0.635,-0.345,-0.495,0.043,0.073,0.195,0.248,0.248,-0.266,-0.831,-0.294,-0.626,-1.369
Ryan Ludwick,400,1402,69.660,22.680,90.720,0.405,0.253,0.326,-0.316,-0.146,0.534,0.564,0.852,0.457,-0.919,-0.033,-0.533,0.460,-0.270,0.406,-0.652,1.708
Scott Rolen,290,1017,68.710,18.434,88.262,2.234,0.263,0.327,-0.369,-0.872,0.082,-0.542,0.739,-0.671,-0.766,0.059,-0.140,-0.628,-0.223,-0.494,-0.677,-3.148
Aubrey Huff,359,1168,68.591,17.599,68.591,5.415,0.264,0.346,-0.376,-2.644,-0.006,-1.307,-0.165,-0.985,-0.500,-0.205,-0.091,-1.515,0.446,-2.205,-0.693,-8.861
Jose Tabata,296,1072,85.926,6.020,39.405,23.534,0.271,0.338,0.585,-0.717,-1.237,-0.110,-1.506,-0.572,1.015,-0.729,0.235,-0.914,0.131,-0.369,-0.777,-3.411
Cameron Maybin,366,1314,86.311,11.066,50.016,33.197,0.249,0.312,0.606,-0.407,-0.701,-0.375,-1.018,-0.066,1.822,0.402,-0.716,0.260,-0.771,0.162,-0.778,-0.023
Stephen Drew,316,1173,84.589,13.842,68.696,7.690,0.257,0.332,0.511,-0.256,-0.406,-0.132,-0.160,-0.126,-0.310,-0.377,-0.354,-0.857,-0.070,-0.545,-0.789,-2.293
Will Venable,400,1179,69.255,12.555,56.700,31.995,0.252,0.323,-0.339,-0.147,-0.542,-0.340,-0.711,-0.242,1.722,-0.410,-0.587,0.394,-0.363,0.269,-0.821,-0.474
Vernon Wells,365,1338,77.671,29.737,81.222,7.989,0.244,0.291,0.128,-0.277,1.284,-0.070,0.416,-0.327,-0.285,0.333,-0.904,-1.876,-1.508,-2.308,-0.869,-4.527
David DeJesus,370,1300,79.686,10.508,58.232,6.130,0.270,0.350,0.239,0.058,-0.760,0.006,-0.641,-0.190,-0.440,0.060,0.174,-0.954,0.556,-0.416,-0.873,-1.436
Carlos Lee,459,1740,65.647,18.000,91.765,3.529,0.261,0.321,-0.539,-0.265,0.036,-0.755,0.900,-0.138,-0.658,-0.024,-0.184,0.367,-0.438,0.698,-0.882,-0.118
Quintin Berry,94,291,75.830,3.447,49.979,36.191,0.258,0.330,0.025,0.000,-1.511,0.000,-1.020,0.000,2.073,0.000,-0.342,0.000,-0.125,0.000,-0.900,0.000
Michael Brantley,335,1300,79.307,7.737,61.899,16.925,0.271,0.326,0.218,-0.411,-1.055,-0.045,-0.472,0.381,0.462,-0.406,0.206,0.765,-0.272,0.869,-0.912,1.153
Raul Ibanez,429,1480,71.748,20.769,86.476,3.399,0.255,0.317,-0.201,-0.395,0.331,0.270,0.657,-0.183,-0.669,-0.050,-0.469,-0.531,-0.582,-0.513,-0.933,-1.402
Jed Lowrie,240,820,76.950,20.925,68.850,2.700,0.256,0.331,0.088,-0.148,0.347,1.340,-0.153,0.134,-0.727,0.117,-0.411,-0.204,-0.093,0.854,-0.949,2.093
Logan Morrison,278,1002,74.007,20.978,73.424,1.748,0.250,0.339,-0.076,-1.032,0.353,-1.218,0.057,-1.363,-0.807,-0.074,-0.647,-0.463,0.167,-0.584,-0.952,-4.735
Jeff Keppinger,351,1278,67.846,9.692,61.846,2.308,0.296,0.341,-0.417,-0.204,-0.847,0.224,-0.475,-0.242,-0.760,-0.164,1.258,0.584,0.254,0.323,-0.986,0.520
Chris Davis,243,834,71.333,26.000,72.000,4.000,0.258,0.314,-0.224,0.000,0.887,0.000,-0.008,0.000,-0.619,0.000,-0.340,0.000,-0.700,0.000,-1.004,0.000
J.J. Hardy,388,1530,85.593,24.216,77.660,0.418,0.256,0.300,0.566,0.442,0.697,0.560,0.252,0.223,-0.918,-0.096,-0.434,-0.427,-1.186,-0.464,-1.022,0.238
Jesus Guzman,196,534,53.724,11.571,76.041,9.918,0.277,0.342,-1.199,0.000,-0.647,0.000,0.178,0.000,-0.124,0.000,0.475,0.000,0.280,0.000,-1.037,0.000
Danny Espinosa,346,1270,79.595,20.601,64.145,17.324,0.239,0.315,0.234,0.423,0.313,-0.554,-0.369,-0.475,0.495,0.220,-1.115,0.497,-0.643,-0.216,-1.085,-0.104
Brennan Boesch,380,1362,75.032,17.905,74.605,7.674,0.259,0.315,-0.019,0.109,0.026,-0.161,0.112,-0.296,-0.311,-0.078,-0.282,-0.189,-0.647,-0.406,-1.121,-1.021
Matt Wieters,413,1472,69.036,21.966,80.804,1.569,0.253,0.326,-0.351,0.746,0.458,0.517,0.397,0.543,-0.822,0.102,-0.525,0.086,-0.287,0.244,-1.130,2.237
Alex Avila,361,1125,59.684,15.706,72.249,3.141,0.260,0.358,-0.869,0.375,-0.207,0.035,0.003,0.444,-0.690,-0.045,-0.228,0.364,0.858,0.620,-1.134,1.793
Mitch Moreland,295,936,66.447,21.966,69.193,3.295,0.264,0.328,-0.494,-0.793,0.458,0.038,-0.137,0.364,-0.677,-0.082,-0.083,0.571,-0.220,0.082,-1.154,0.180
Kyle Seager,208,776,65.423,17.913,77.106,12.462,0.259,0.315,-0.551,0.000,0.027,0.000,0.227,0.000,0.089,0.000,-0.288,0.000,-0.666,0.000,-1.163,0.000
Garrett Jones,451,1490,65.734,22.989,82.616,5.388,0.254,0.313,-0.534,0.276,0.567,0.339,0.480,0.171,-0.502,-0.228,-0.484,0.521,-0.714,0.256,-1.188,1.335
Jonathan Lucroy,307,1023,60.684,14.775,75.459,5.277,0.279,0.326,-0.814,0.661,-0.306,0.500,0.151,0.904,-0.512,-0.107,0.535,1.144,-0.260,1.107,-1.206,4.210
Mike Aviles,337,1222,72.588,13.460,62.973,20.190,0.270,0.302,-0.154,-0.608,-0.446,0.128,-0.423,0.560,0.735,-0.187,0.176,-0.906,-1.128,-0.689,-1.241,-1.702
Chris Johnson,337,1207,57.685,15.864,81.721,4.807,0.279,0.318,-0.980,-0.292,-0.191,-0.107,0.439,0.026,-0.551,-0.001,0.561,-0.482,-0.542,-0.066,-1.264,-0.922
Gaby Sanchez,415,1443,67.923,17.566,75.340,3.513,0.258,0.333,-0.413,-0.780,-0.010,-0.503,0.145,-0.914,-0.659,-0.184,-0.311,-0.853,-0.031,-0.815,-1.278,-4.050
Omar Infante,431,1604,71.039,10.148,56.005,10.524,0.289,0.323,-0.240,-0.071,-0.798,0.117,-0.743,0.066,-0.073,0.367,0.958,-0.814,-0.394,-0.776,-1.290,-1.112
Seth Smith,405,1217,70.800,18.400,65.200,5.600,0.259,0.333,-0.253,0.121,0.079,-0.179,-0.321,0.124,-0.485,-0.026,-0.296,0.001,-0.025,0.380,-1.301,0.421
Josh Reddick,272,927,78.022,23.824,70.279,7.743,0.249,0.305,0.147,0.567,0.655,1.751,-0.087,1.467,-0.306,0.758,-0.702,-1.222,-1.011,-0.617,-1.303,2.704
Jhonny Peralta,444,1607,67.865,17.878,83.919,0.730,0.262,0.320,-0.416,-0.070,0.023,-0.162,0.540,-0.414,-0.892,-0.033,-0.164,-0.067,-0.485,0.013,-1.394,-0.734
Jeff Francoeur,440,1616,68.850,18.041,74.005,12.518,0.257,0.306,-0.361,0.078,0.041,0.060,0.084,-0.428,0.094,-0.228,-0.355,-0.134,-0.960,-0.096,-1.459,-0.748
Dayan Viciedo,214,711,69.645,23.467,73.430,1.514,0.263,0.307,-0.317,0.000,0.617,0.000,0.058,0.000,-0.826,0.000,-0.120,0.000,-0.939,0.000,-1.528,0.000
Chris Denorfia,340,939,64.324,10.482,43.359,15.247,0.281,0.339,-0.612,0.080,-0.763,-0.269,-1.324,-0.241,0.322,0.093,0.643,0.385,0.198,0.228,-1.536,0.275
A.J. Pierzynski,392,1417,61.577,18.184,74.801,1.240,0.278,0.316,-0.764,0.700,0.056,0.930,0.121,0.472,-0.849,-0.183,0.512,0.158,-0.612,0.480,-1.537,2.558
Carlos Gomez,328,937,72.604,15.805,48.896,35.067,0.248,0.296,-0.153,0.000,-0.197,0.000,-1.070,0.000,1.979,0.000,-0.769,0.000,-1.341,0.000,-1.551,0.000
Lucas Duda,250,786,59.616,18.792,77.760,1.296,0.256,0.338,-0.873,-0.276,0.120,0.227,0.257,-0.228,-0.845,-0.025,-0.427,-1.765,0.140,-1.164,-1.627,-3.231
Jarrod Dyson,146,393,78.781,1.110,18.863,55.479,0.247,0.320,0.189,0.000,-1.759,0.000,-2.450,0.000,3.685,0.000,-0.802,0.000,-0.495,0.000,-1.631,0.000
Matt Carpenter,121,311,58.909,8.033,61.587,1.339,0.283,0.359,-0.912,0.000,-1.023,0.000,-0.487,0.000,-0.841,0.000,0.719,0.000,0.896,0.000,-1.648,0.000
John Jaso,306,879,65.647,10.588,64.059,5.294,0.256,0.360,-0.539,0.000,-0.751,0.000,-0.373,0.000,-0.510,0.000,-0.416,0.000,0.934,0.000,-1.657,0.000
Luis Cruz,85,300,53.365,11.435,78.141,3.812,0.293,0.317,-1.219,0.000,-0.661,0.000,0.274,0.000,-0.634,0.000,1.155,0.000,-0.580,0.000,-1.665,0.000
Pedro Ciriaco,107,298,60.561,3.028,39.364,27.252,0.299,0.319,-0.821,0.000,-1.555,0.000,-1.508,0.000,1.325,0.000,1.379,0.000,-0.513,0.000,-1.691,0.000
Ryan Doumit,335,1108,55.612,18.860,72.537,0.484,0.272,0.331,-1.095,0.000,0.128,0.000,0.017,0.000,-0.912,0.000,0.244,0.000,-0.113,0.000,-1.732,0.000
Andres Torres,383,1229,76.559,9.728,49.488,24.533,0.243,0.329,0.066,-0.999,-0.843,-0.749,-1.043,-0.596,1.098,-0.600,-0.950,-0.571,-0.152,-0.150,-1.823,-3.665
Carlos Pena,457,1474,73.733,26.586,79.759,3.190,0.206,0.337,-0.091,0.038,0.949,-0.648,0.349,-0.669,-0.686,-0.175,-2.509,0.215,0.127,0.171,-1.861,-1.068
Hideki Matsui,320,1094,60.750,17.719,82.519,0.506,0.252,0.330,-0.810,0.340,0.006,-0.903,0.475,-0.414,-0.911,0.029,-0.572,-0.724,-0.140,-1.053,-1.950,-2.725
Willie Bloomquist,260,861,76.015,4.362,41.123,21.808,0.280,0.316,0.036,1.068,-1.413,-0.715,-1.427,0.123,0.870,-1.536,0.591,1.191,-0.619,0.297,-1.963,0.428
Marlon Byrd,318,1169,73.868,11.208,56.038,4.075,0.276,0.325,-0.083,-0.916,-0.686,-0.023,-0.742,-0.856,-0.612,-0.160,0.439,-0.565,-0.295,-0.500,-1.979,-3.020
Jemile Weeks,215,850,78.363,3.014,42.195,28.633,0.260,0.321,0.166,-0.525,-1.557,-0.138,-1.378,-1.357,1.441,-1.182,-0.247,-2.736,-0.442,-1.004,-2.016,-6.943
Adam Lind,368,1389,62.071,26.413,89.804,0.440,0.246,0.296,-0.737,-0.326,0.931,-0.330,0.810,0.035,-0.916,-0.033,-0.827,0.400,-1.314,0.506,-2.053,0.252
Jesus Montero,153,576,58.235,20.118,78.353,0.000,0.267,0.310,-0.949,0.000,0.261,0.000,0.284,0.000,-0.953,0.000,0.063,0.000,-0.826,0.000,-2.121,0.000
A.J. Ellis,208,616,45.173,11.683,61.529,0.000,0.271,0.374,-1.673,0.000,-0.635,0.000,-0.489,0.000,-0.953,0.000,0.220,0.000,1.404,0.000,-2.126,0.000
Pedro Alvarez,318,1107,63.170,25.472,85.585,1.019,0.237,0.311,-0.676,0.000,0.830,0.000,0.616,0.000,-0.868,0.000,-1.228,0.000,-0.814,0.000,-2.140,0.000
Chris Nelson,191,550,61.068,11.026,58.524,5.089,0.284,0.327,-0.793,0.000,-0.705,0.000,-0.627,0.000,-0.527,0.000,0.747,0.000,-0.235,0.000,-2.140,0.000
Chris Iannetta,252,754,63.000,20.571,69.429,5.143,0.228,0.347,-0.685,0.000,0.310,0.000,-0.126,0.000,-0.523,0.000,-1.588,0.000,0.452,0.000,-2.162,0.000
Yunel Escobar,413,1568,76.489,9.414,52.562,5.492,0.266,0.335,0.062,-0.171,-0.876,0.213,-0.901,0.375,-0.494,-0.096,0.003,0.023,0.037,-0.460,-2.170,-0.116
Ramon Hernandez,240,795,49.950,16.200,75.600,0.000,0.273,0.330,-1.409,0.058,-0.155,0.962,0.157,-0.597,-0.953,-0.063,0.298,-0.496,-0.151,-0.532,-2.212,-0.668
Ryan Roberts,322,987,72.950,16.602,63.391,14.087,0.239,0.314,-0.134,-2.072,-0.112,-0.888,-0.404,-0.634,0.225,-0.726,-1.126,-0.385,-0.693,-1.264,-2.244,-5.968
Jason Bay,288,986,72.000,14.625,69.750,14.625,0.234,0.318,-0.187,-0.117,-0.322,0.566,-0.111,-0.137,0.270,-0.261,-1.329,-0.380,-0.569,-0.388,-2.249,-0.718
Russell Martin,355,1170,69.363,20.079,65.713,9.127,0.231,0.326,-0.333,-0.351,0.257,0.761,-0.297,0.499,-0.190,-0.139,-1.477,-0.502,-0.278,-0.450,-2.317,-0.182
Placido Polanco,344,1326,70.640,6.122,56.983,3.767,0.281,0.330,-0.262,-1.072,-1.226,-0.210,-0.698,-0.566,-0.638,-0.276,0.649,-0.671,-0.146,-0.454,-2.322,-3.249
Mark Ellis,366,1331,71.705,8.410,53.557,11.508,0.265,0.326,-0.203,0.842,-0.983,0.141,-0.856,-0.336,0.009,-0.102,-0.028,-0.545,-0.281,-0.276,-2.341,-0.276
Brandon Belt,208,598,52.962,12.462,57.635,11.683,0.259,0.344,-1.242,0.000,-0.552,0.000,-0.668,0.000,0.024,0.000,-0.281,0.000,0.344,0.000,-2.375,0.000
Anthony Rizzo,136,465,63.132,19.059,67.897,5.956,0.245,0.324,-0.678,0.000,0.149,0.000,-0.197,0.000,-0.455,0.000,-0.871,0.000,-0.331,0.000,-2.384,0.000
Donovan Solano,93,285,50.516,3.484,48.774,12.194,0.295,0.342,-1.377,0.000,-1.507,0.000,-1.075,0.000,0.066,0.000,1.214,0.000,0.283,0.000,-2.396,0.000
Alberto Callaspo,425,1494,64.800,9.911,59.082,6.480,0.268,0.332,-0.586,-0.070,-0.824,-0.013,-0.602,0.044,-0.411,-0.066,0.107,-0.168,-0.081,0.528,-2.396,0.255
J.D. Martinez,166,603,61.482,16.590,87.831,0.000,0.252,0.313,-0.770,0.000,-0.114,0.000,0.719,0.000,-0.953,0.000,-0.580,0.000,-0.722,0.000,-2.419,0.000
Bryan LaHair,150,399,55.080,19.440,49.680,4.320,0.263,0.341,-1.124,0.000,0.189,0.000,-1.034,0.000,-0.592,0.000,-0.114,0.000,0.244,0.000,-2.431,0.000
Travis Snider,191,649,69.550,17.812,67.005,14.419,0.245,0.298,-0.323,0.000,0.016,0.000,-0.238,0.000,0.253,0.000,-0.878,0.000,-1.262,0.000,-2.432,0.000
Ryan Hanigan,273,786,45.692,7.714,56.374,0.000,0.279,0.373,-1.645,-0.703,-1.057,-0.833,-0.726,-0.854,-0.953,-0.002,0.537,0.253,1.370,0.296,-2.474,-1.844
Dustin Ackley,243,940,82.000,12.000,57.333,12.667,0.243,0.314,0.367,0.911,-0.601,0.065,-0.682,-0.509,0.106,0.232,-0.981,-1.529,-0.713,-1.565,-2.504,-2.395
Geovany Soto,329,1067,67.951,22.158,71.891,0.492,0.234,0.325,-0.411,0.044,0.478,-0.451,-0.013,-0.350,-0.912,0.032,-1.328,-1.294,-0.324,-1.727,-2.510,-3.745
Daric Barton,272,905,67.897,6.551,50.029,5.956,0.249,0.369,-0.414,0.000,-1.181,0.000,-1.018,0.000,-0.455,0.000,-0.726,0.000,1.229,0.000,-2.564,0.000
Gregor Blanco,226,630,62.363,4.301,34.407,26.522,0.259,0.343,-0.721,0.000,-1.420,0.000,-1.736,0.000,1.264,0.000,-0.300,0.000,0.311,0.000,-2.602,0.000
Maicer Izturis,283,950,64.686,5.724,48.657,18.890,0.264,0.327,-0.592,-0.631,-1.268,-0.411,-1.081,-0.751,0.626,1.237,-0.070,-0.661,-0.252,-0.385,-2.637,-1.602
Nyjer Morgan,377,1176,70.902,3.008,33.088,25.353,0.266,0.327,-0.248,-0.323,-1.557,0.162,-1.796,-0.065,1.167,-1.005,0.012,-0.161,-0.244,-0.153,-2.666,-1.545
Jarrod Saltalamacchia,236,787,74.822,28.144,80.314,0.686,0.226,0.289,-0.030,-0.464,1.115,0.602,0.374,-0.414,-0.896,-0.128,-1.670,-0.275,-1.562,0.046,-2.669,-0.633
Jamey Carroll,417,1273,64.101,0.388,31.079,12.043,0.282,0.359,-0.624,0.463,-1.836,0.032,-1.889,0.474,0.054,-0.192,0.679,-0.369,0.877,-0.443,-2.739,-0.036
John Mayberry,264,720,57.682,19.023,61.977,5.523,0.257,0.317,-0.980,-0.075,0.145,-0.915,-0.469,-1.110,-0.491,-0.909,-0.376,-0.920,-0.581,-1.155,-2.752,-5.085
Trevor Plouffe,222,749,80.270,24.811,67.135,2.919,0.231,0.295,0.272,-0.945,0.760,1.413,-0.232,0.506,-0.709,-0.372,-1.468,0.010,-1.379,-0.080,-2.756,0.532
Andruw Jones,278,701,55.360,26.806,67.014,5.245,0.224,0.330,-1.109,0.000,0.972,0.000,-0.237,0.000,-0.514,0.000,-1.763,0.000,-0.145,0.000,-2.797,0.000
Daniel Nava,148,428,66.770,7.662,64.581,4.378,0.243,0.352,-0.477,0.000,-1.063,0.000,-0.349,0.000,-0.587,0.000,-0.963,0.000,0.635,0.000,-2.803,0.000
Gerardo Parra,407,1194,57.317,7.165,44.580,12.339,0.276,0.335,-1.000,0.831,-1.115,0.197,-1.268,0.225,0.079,0.646,0.442,0.244,0.046,0.499,-2.817,2.641
Orlando Hudson,331,1155,75.861,7.831,52.858,17.130,0.246,0.318,0.027,-1.591,-1.045,-0.132,-0.888,0.167,0.479,-0.093,-0.841,-0.976,-0.563,-1.040,-2.829,-3.665
Alcides Escobar,458,1659,68.620,4.598,49.166,25.114,0.262,0.304,-0.374,0.198,-1.388,0.005,-1.057,0.238,1.147,0.980,-0.154,1.031,-1.037,0.735,-2.864,3.186
James Loney,463,1553,55.983,9.797,67.879,4.898,0.269,0.322,-1.074,-0.657,-0.836,-0.194,-0.197,-0.860,-0.543,-0.432,0.138,-0.247,-0.405,-0.431,-2.917,-2.820
Tyler Colvin,351,984,64.154,20.308,68.308,6.000,0.248,0.297,-0.622,0.000,0.282,0.000,-0.178,0.000,-0.451,0.000,-0.753,0.000,-1.301,0.000,-3.023,0.000
Yonder Alonso,224,666,41.946,10.125,57.857,2.170,0.278,0.349,-1.852,0.000,-0.801,0.000,-0.658,0.000,-0.772,0.000,0.501,0.000,0.533,0.000,-3.048,0.000
Alex Gonzalez,330,1240,69.218,20.618,78.055,1.964,0.247,0.285,-0.341,-0.527,0.315,-0.685,0.270,-1.193,-0.789,0.029,-0.803,-0.236,-1.709,-0.525,-3.057,-3.137
Alex Presley,175,584,69.429,12.960,41.657,17.589,0.260,0.302,-0.329,0.000,-0.499,0.000,-1.403,0.000,0.518,0.000,-0.235,0.000,-1.131,0.000,-3.080,0.000
Kosuke Fukudome,300,929,57.240,11.340,44.820,5.940,0.258,0.351,-1.005,0.548,-0.672,-0.677,-1.257,-0.549,-0.456,-0.401,-0.317,0.069,0.605,-0.734,-3.102,-1.746
Mike Moustakas,238,901,64.664,17.017,70.109,4.765,0.250,0.301,-0.593,1.344,-0.068,1.066,-0.095,0.999,-0.555,0.140,-0.679,-0.670,-1.155,-0.320,-3.146,2.559
Juan Rivera,365,1194,57.255,15.534,76.784,3.551,0.252,0.308,-1.004,-0.625,-0.226,-0.346,0.212,0.074,-0.656,-0.077,-0.580,-0.065,-0.907,-0.285,-3.161,-1.324
Roger Bernadina,354,950,53.542,10.525,45.305,21.966,0.256,0.321,-1.210,0.499,-0.758,-0.052,-1.235,-0.251,0.883,0.815,-0.424,-0.033,-0.440,-0.007,-3.183,0.972
Fred Lewis,209,631,71.311,8.526,42.632,14.727,0.249,0.328,-0.225,0.000,-0.971,0.000,-1.358,0.000,0.278,0.000,-0.718,0.000,-0.197,0.000,-3.190,0.000
Ty Wigginton,409,1297,61.394,19.012,65.751,3.565,0.243,0.313,-0.774,-0.364,0.144,-0.476,-0.295,-0.476,-0.655,0.019,-0.968,-0.121,-0.726,0.129,-3.274,-1.289
J.P. Arencibia,242,825,63.595,28.785,92.380,1.339,0.222,0.275,-0.652,0.571,1.183,-0.209,0.929,-0.419,-0.841,0.024,-1.853,0.636,-2.060,-0.170,-3.296,0.433
Casey McGehee,426,1474,57.803,17.113,80.620,0.761,0.248,0.305,-0.973,-0.530,-0.058,-0.572,0.388,-1.020,-0.889,-0.017,-0.768,-1.088,-1.027,-0.692,-3.328,-3.919
Eric Thames,181,633,76.077,18.796,55.492,2.685,0.250,0.296,0.039,-2.504,0.121,-0.474,-0.767,-0.677,-0.728,-0.124,-0.684,-0.930,-1.322,-1.129,-3.341,-5.838
Chris Coghlan,195,720,85.569,9.138,49.846,14.123,0.238,0.305,0.565,-1.129,-0.906,0.372,-1.026,0.335,0.228,-0.085,-1.194,-1.257,-1.029,-0.992,-3.362,-2.757
Casper Wells,224,593,62.196,18.080,57.857,4.339,0.246,0.317,-0.730,0.000,0.045,0.000,-0.658,0.000,-0.590,0.000,-0.827,0.000,-0.608,0.000,-3.368,0.000
Everth Cabrera,193,618,60.435,2.518,38.611,47.005,0.231,0.308,-0.828,0.000,-1.609,0.000,-1.543,0.000,2.977,0.000,-1.451,0.000,-0.921,0.000,-3.375,0.000
Danny Valencia,283,1017,61.251,14.311,76.134,2.290,0.257,0.297,-0.782,0.534,-0.356,0.264,0.182,0.061,-0.761,-0.198,-0.388,-2.254,-1.294,-1.524,-3.400,-3.117
Ryan Theriot,386,1380,68.409,1.259,43.648,15.528,0.270,0.319,-0.386,-0.178,-1.743,-0.126,-1.311,0.333,0.345,-0.083,0.186,0.042,-0.504,0.023,-3.413,0.011
Kirk Nieuwenhuis,91,282,71.209,12.462,49.846,7.121,0.252,0.315,-0.231,0.000,-0.552,0.000,-1.026,0.000,-0.358,0.000,-0.593,0.000,-0.657,0.000,-3.417,0.000
Jordan Schafer,188,615,74.106,5.170,31.021,42.223,0.226,0.303,-0.070,-1.569,-1.327,0.115,-1.891,0.396,2.577,-0.182,-1.677,-0.888,-1.075,-0.312,-3.463,-2.440
Shelley Duncan,242,684,58.240,22.091,76.314,1.339,0.231,0.309,-0.949,0.000,0.471,0.000,0.190,0.000,-0.841,0.000,-1.467,0.000,-0.868,0.000,-3.465,0.000
Jerry Hairston,317,1005,58.770,9.710,54.681,6.644,0.260,0.324,-0.920,-0.625,-0.845,-0.633,-0.804,-0.999,-0.398,-0.712,-0.260,1.012,-0.332,1.493,-3.558,-0.464
Zack Cozart,149,598,84.805,18.483,41.315,4.349,0.251,0.290,0.523,0.000,0.088,0.000,-1.418,0.000,-0.589,0.000,-0.633,0.000,-1.547,0.000,-3.577,0.000
Chris Heisey,337,827,58.166,15.864,49.033,6.249,0.259,0.315,-0.953,-0.072,-0.191,-1.540,-1.064,-1.076,-0.430,-0.003,-0.299,0.395,-0.651,0.186,-3.589,-2.111
Miguel Olivo,329,1186,66.967,22.158,73.368,7.878,0.239,0.271,-0.466,-0.735,0.478,0.038,0.055,-0.597,-0.294,-0.212,-1.147,-0.709,-2.222,-1.024,-3.596,-3.239
Eric Chavez,204,549,49.235,15.088,57.971,0.000,0.266,0.326,-1.448,0.000,-0.273,0.000,-0.653,0.000,-0.953,0.000,0.003,0.000,-0.285,0.000,-3.609,0.000
Cliff Pennington,429,1441,64.573,7.552,49.846,21.902,0.245,0.307,-0.598,-0.034,-1.074,0.038,-1.026,-0.174,0.878,-0.453,-0.879,-0.473,-0.941,-0.512,-3.641,-1.608
Alexi Casilla,272,774,66.110,2.382,42.287,25.015,0.256,0.309,-0.513,-1.919,-1.624,-0.251,-1.374,0.442,1.138,0.556,-0.423,-0.580,-0.889,-1.151,-3.684,-2.903
Ryan Raburn,300,963,65.340,16.200,66.420,2.160,0.247,0.299,-0.556,-0.236,-0.155,-0.236,-0.265,-0.913,-0.772,-0.184,-0.788,-0.805,-1.228,-1.114,-3.764,-3.488
John Buck,364,1218,54.742,21.363,72.989,0.000,0.236,0.310,-1.143,-0.720,0.394,-0.495,0.037,-0.566,-0.953,-0.033,-1.272,-1.406,-0.842,-0.143,-3.779,-3.362
Skip Schumaker,361,1115,61.479,3.590,48.465,2.693,0.274,0.333,-0.770,-0.549,-1.495,-0.237,-1.090,-0.091,-0.728,-0.207,0.323,0.225,-0.045,0.249,-3.805,-0.609
Lyle Overbay,340,1044,61.941,14.771,59.082,1.429,0.241,0.322,-0.744,-0.984,-0.307,-0.837,-0.602,-0.224,-0.833,0.067,-1.030,-0.251,-0.405,-0.431,-3.922,-2.661
Ruben Tejada,288,1008,63.000,1.125,42.750,6.188,0.271,0.336,-0.685,1.108,-1.757,0.061,-1.352,-1.053,-0.436,-0.222,0.209,0.124,0.077,-0.750,-3.945,-0.732
Franklin Gutierrez,284,1040,59.894,9.697,57.042,23.387,0.240,0.291,-0.858,-0.888,-0.846,-1.036,-0.695,-1.356,1.002,-0.352,-1.072,-0.647,-1.499,-1.071,-3.968,-5.350
Jason Bartlett,303,1105,74.851,3.208,48.653,18.178,0.241,0.310,-0.029,-0.617,-1.536,-0.211,-1.081,-0.293,0.567,1.026,-1.058,-0.222,-0.845,-0.321,-3.982,-0.638
Yuniesky Betancourt,360,1327,59.400,16.200,81.900,2.700,0.251,0.275,-0.885,-0.424,-0.155,-0.290,0.447,-0.400,-0.727,0.107,-0.628,-0.171,-2.056,-0.331,-4.005,-1.509
Ryan Sweeney,253,771,62.111,1.281,49.304,1.281,0.275,0.333,-0.735,-1.420,-1.741,-0.019,-1.051,-1.314,-0.846,-0.100,0.383,-0.963,-0.017,0.233,-4.007,-3.583
Peter Bourjos,299,851,63.933,11.378,41.719,18.963,0.247,0.301,-0.634,0.000,-0.668,0.000,-1.400,0.000,0.632,0.000,-0.804,0.000,-1.157,0.000,-4.030,0.000
Chris Getz,254,793,60.591,0.000,38.906,28.701,0.255,0.310,-0.819,0.000,-1.877,0.000,-1.529,0.000,1.447,0.000,-0.469,0.000,-0.845,0.000,-4.093,0.000
Yorvit Torrealba,272,915,53.603,10.721,52.412,4.765,0.262,0.317,-1.206,0.298,-0.737,-0.155,-0.908,-0.316,-0.555,-1.010,-0.150,0.140,-0.605,-0.927,-4.162,-1.969
Austin Kearns,264,700,57.682,9.818,44.182,3.682,0.246,0.344,-0.980,0.000,-0.833,0.000,-1.287,0.000,-0.645,0.000,-0.848,0.000,0.360,0.000,-4.233,0.000
Darwin Barney,329,1156,74.353,4.432,43.824,7.386,0.263,0.305,-0.056,0.002,-1.406,0.384,-1.303,-0.134,-0.335,-0.319,-0.122,-0.732,-1.014,-0.359,-4.236,-1.158
Justin Smoak,355,1258,57.955,21.448,70.276,0.913,0.223,0.306,-0.965,-0.113,0.403,0.044,-0.087,-0.288,-0.877,-0.048,-1.788,0.135,-0.973,-0.160,-4.287,-0.430
Scott Hairston,317,804,54.170,18.909,59.792,7.666,0.239,0.298,-1.175,0.000,0.133,0.000,-0.569,0.000,-0.312,0.000,-1.139,0.000,-1.256,0.000,-4.317,0.000
Gordon Beckham,432,1468,67.500,13.125,57.375,5.250,0.238,0.303,-0.436,-0.120,-0.482,0.237,-0.680,0.122,-0.514,-0.015,-1.155,-0.211,-1.096,-0.212,-4.364,-0.199
Logan Forsythe,153,465,60.353,6.353,40.235,11.647,0.254,0.323,-0.832,0.000,-1.202,0.000,-1.468,0.000,0.021,0.000,-0.509,0.000,-0.379,0.000,-4.369,0.000
Josh Donaldson,89,306,63.708,18.202,67.348,7.281,0.232,0.280,-0.646,0.000,0.058,0.000,-0.222,0.000,-0.344,0.000,-1.424,0.000,-1.873,0.000,-4.452,0.000
Casey Kotchman,413,1377,49.816,12.160,60.407,1.961,0.253,0.316,-1.416,0.108,-0.584,0.050,-0.541,-0.031,-0.789,0.104,-0.523,0.338,-0.611,0.099,-4.464,0.668
Ian Stewart,224,687,60.750,16.634,60.750,5.786,0.224,0.309,-0.810,0.000,-0.109,0.000,-0.525,0.000,-0.469,0.000,-1.755,0.000,-0.859,0.000,-4.527,0.000
Kurt Suzuki,383,1363,61.332,13.958,66.830,2.961,0.238,0.295,-0.778,-0.470,-0.393,-0.415,-0.246,-0.579,-0.705,-0.071,-1.154,-0.016,-1.381,-0.299,-4.657,-1.849
Michael Saunders,297,957,63.273,16.909,53.455,18.000,0.219,0.286,-0.670,0.000,-0.080,0.000,-0.860,0.000,0.552,0.000,-1.954,0.000,-1.666,0.000,-4.678,0.000
Brian Dozier,84,316,63.643,11.571,63.643,17.357,0.234,0.271,-0.650,0.000,-0.647,0.000,-0.392,0.000,0.498,0.000,-1.333,0.000,-2.212,0.000,-4.736,0.000
Nick Hundley,225,758,58.320,14.400,67.680,0.720,0.239,0.299,-0.945,0.295,-0.346,0.274,-0.207,-0.958,-0.893,0.095,-1.139,1.477,-1.234,1.310,-4.764,2.492
Justin Turner,220,623,51.545,4.418,51.545,5.891,0.257,0.324,-1.320,0.000,-1.407,0.000,-0.948,0.000,-0.460,0.000,-0.381,0.000,-0.340,0.000,-4.857,0.000
Nate McLouth,255,775,66.071,10.800,38.118,14.612,0.221,0.320,-0.515,-0.007,-0.729,0.338,-1.565,0.184,0.269,1.098,-1.903,0.530,-0.502,-0.836,-4.946,1.307
Reed Johnson,332,717,42.452,4.880,30.741,2.928,0.289,0.328,-1.824,0.000,-1.358,0.000,-1.904,0.000,-0.708,0.000,0.961,0.000,-0.200,0.000,-5.035,0.000
Robert Andino,282,902,63.191,8.043,40.213,10.915,0.243,0.308,-0.675,-1.146,-1.022,0.195,-1.469,-0.260,-0.040,-0.702,-0.971,-1.623,-0.890,-1.247,-5.067,-4.784
Matt LaPorta,239,786,52.192,16.268,67.105,0.678,0.234,0.300,-1.284,-0.371,-0.148,-0.068,-0.233,0.938,-0.896,0.058,-1.337,1.057,-1.188,-0.050,-5.086,1.564
Sean Rodriguez,361,1017,60.133,10.321,48.465,13.014,0.229,0.306,-0.844,-0.519,-0.780,-0.215,-1.090,-0.125,0.135,-0.453,-1.547,-0.529,-0.984,-0.297,-5.110,-2.139
Brett Wallace,232,709,52.371,11.172,46.086,0.698,0.250,0.323,-1.274,0.000,-0.689,0.000,-1.199,0.000,-0.895,0.000,-0.683,0.000,-0.387,0.000,-5.127,0.000
Rod Barajas,301,939,52.206,23.681,67.276,0.000,0.225,0.285,-1.284,-0.475,0.640,-0.568,-0.225,-0.563,-0.953,-0.033,-1.732,-0.439,-1.728,0.083,-5.282,-1.995
Juan Uribe,291,953,55.670,16.701,72.371,1.670,0.226,0.288,-1.092,-1.219,-0.102,-1.691,0.009,-1.373,-0.813,0.186,-1.694,-1.455,-1.603,-1.166,-5.295,-6.720
Chris Snyder,215,636,52.744,18.837,67.060,0.000,0.206,0.320,-1.254,0.000,0.125,0.000,-0.235,0.000,-0.953,0.000,-2.520,0.000,-0.485,0.000,-5.322,0.000
Brandon Inge,329,1086,53.672,13.787,72.383,2.462,0.227,0.294,-1.202,0.294,-0.411,0.359,0.010,0.567,-0.747,-0.211,-1.656,-0.380,-1.382,-0.578,-5.389,0.050
Jonathan Herrera,266,728,55.421,4.263,28.624,6.090,0.261,0.326,-1.105,0.000,-1.424,0.000,-2.002,0.000,-0.444,0.000,-0.205,0.000,-0.265,0.000,-5.445,0.000
Justin Maxwell,191,419,52.586,17.812,55.131,11.874,0.208,0.304,-1.263,0.000,0.016,0.000,-0.783,0.000,0.040,0.000,-2.450,0.000,-1.035,0.000,-5.475,0.000
Jack Hannahan,215,607,45.963,9.042,51.991,1.507,0.247,0.323,-1.630,-1.136,-0.916,-0.636,-0.928,-0.599,-0.827,-0.237,-0.789,-0.125,-0.396,-0.526,-5.485,-3.259
Rick Ankiel,264,749,56.455,12.273,46.636,8.591,0.235,0.300,-1.048,0.000,-0.572,0.000,-1.174,0.000,-0.235,0.000,-1.300,0.000,-1.171,0.000,-5.499,0.000
Laynce Nix,291,603,37.299,12.804,43.423,1.113,0.260,0.316,-2.110,0.000,-0.516,0.000,-1.321,0.000,-0.860,0.000,-0.232,0.000,-0.622,0.000,-5.660,0.000
Nate Schierholtz,366,803,42.492,7.967,34.967,6.197,0.262,0.320,-1.822,0.000,-1.030,0.000,-1.710,0.000,-0.435,0.000,-0.183,0.000,-0.482,0.000,-5.662,0.000
Ben Francisco,270,621,37.200,9.600,46.200,7.200,0.250,0.320,-2.115,0.000,-0.857,0.000,-1.194,0.000,-0.351,0.000,-0.685,0.000,-0.489,0.000,-5.690,0.000
Ronny Paulino,189,607,47.143,5.143,52.286,0.857,0.262,0.307,-1.564,0.000,-1.330,0.000,-0.914,0.000,-0.881,0.000,-0.165,0.000,-0.946,0.000,-5.801,0.000
Jose Molina,214,589,44.664,12.869,44.664,4.542,0.246,0.307,-1.702,0.000,-0.509,0.000,-1.264,0.000,-0.573,0.000,-0.828,0.000,-0.930,0.000,-5.807,0.000
Chone Figgins,308,1056,54.701,2.104,32.084,29.981,0.227,0.302,-1.145,-0.646,-1.653,0.122,-1.842,-0.065,1.553,-1.662,-1.624,-2.447,-1.125,-2.764,-5.837,-7.462
Adam Kennedy,335,890,48.842,5.803,41.104,11.122,0.245,0.310,-1.470,0.049,-1.260,0.639,-1.428,0.851,-0.023,-0.490,-0.880,-0.412,-0.833,-1.342,-5.894,-0.703
Stephen Lombardozzi,139,415,50.115,3.496,32.633,5.827,0.267,0.310,-1.399,0.000,-1.505,0.000,-1.817,0.000,-0.466,0.000,0.067,0.000,-0.838,0.000,-5.959,0.000
Blake DeWitt,274,699,40.796,5.912,46.708,2.365,0.258,0.318,-1.916,0.000,-1.248,0.000,-1.170,0.000,-0.755,0.000,-0.352,0.000,-0.551,0.000,-5.993,0.000
Ronny Cedeno,345,1047,48.365,6.574,43.200,6.574,0.254,0.301,-1.496,0.346,-1.178,-0.628,-1.332,-0.021,-0.403,-0.970,-0.497,-0.162,-1.160,0.284,-6.066,-1.151
Tyler Greene,218,513,52.018,10.404,37.899,18.578,0.224,0.296,-1.294,0.000,-0.771,0.000,-1.575,0.000,0.600,0.000,-1.754,0.000,-1.329,0.000,-6.124,0.000
Omar Vizquel,226,664,48.027,1.434,32.257,10.752,0.261,0.311,-1.515,0.000,-1.725,0.000,-1.835,0.000,-0.054,0.000,-0.224,0.000,-0.809,0.000,-6.162,0.000
Greg Dobbs,342,893,36.474,8.526,48.789,2.368,0.264,0.301,-2.155,-0.651,-0.971,-0.378,-1.075,-0.289,-0.755,0.427,-0.067,0.315,-1.158,0.086,-6.181,-0.490
Joaquin Arias,184,447,46.663,4.402,41.380,5.283,0.266,0.297,-1.591,0.000,-1.409,0.000,-1.415,0.000,-0.511,0.000,0.015,0.000,-1.277,0.000,-6.188,0.000
Clint Barmes,400,1288,50.220,11.340,54.270,2.430,0.236,0.296,-1.394,-0.370,-0.672,-0.074,-0.823,-0.167,-0.750,-0.178,-1.256,0.009,-1.322,-0.379,-6.216,-1.158
Josh Thole,291,863,35.072,3.897,43.423,0.557,0.257,0.330,-2.233,0.206,-1.463,-0.338,-1.321,-1.005,-0.906,-0.002,-0.363,-1.076,-0.151,-1.466,-6.437,-3.681
Jason Castro,154,452,57.857,8.416,38.922,0.000,0.235,0.314,-0.970,0.000,-0.982,0.000,-1.528,0.000,-0.953,0.000,-1.319,0.000,-0.706,0.000,-6.459,0.000
Jayson Nix,222,644,51.811,16.054,49.622,8.027,0.217,0.280,-1.305,0.000,-0.171,0.000,-1.037,0.000,-0.282,0.000,-2.040,0.000,-1.896,0.000,-6.730,0.000
Elliot Johnson,193,457,43.648,8.394,41.969,20.145,0.225,0.287,-1.758,0.000,-0.985,0.000,-1.388,0.000,0.731,0.000,-1.703,0.000,-1.629,0.000,-6.732,0.000
Mark Kotsay,293,703,31.515,7.188,42.020,2.212,0.253,0.316,-2.430,0.000,-1.113,0.000,-1.386,0.000,-0.768,0.000,-0.533,0.000,-0.640,0.000,-6.870,0.000
Brandon Crawford,209,631,51.158,5.426,51.158,1.550,0.235,0.299,-1.342,0.000,-1.300,0.000,-0.966,0.000,-0.823,0.000,-1.318,0.000,-1.233,0.000,-6.982,0.000
Ramon Santiago,306,806,45.529,5.294,36.529,1.588,0.246,0.314,-1.654,-0.352,-1.314,0.382,-1.638,0.839,-0.820,-0.292,-0.850,-0.020,-0.709,-0.623,-6.986,-0.066
Brendan Ryan,403,1282,57.484,3.216,42.610,14.069,0.222,0.290,-0.991,-0.258,-1.535,0.025,-1.359,-0.062,0.223,-0.038,-1.833,-0.325,-1.538,0.080,-7.032,-0.578
Wilson Valdez,287,800,51.366,2.822,45.157,7.338,0.243,0.285,-1.330,0.568,-1.577,-0.378,-1.242,0.042,-0.339,-0.482,-0.983,-0.240,-1.707,-0.211,-7.179,-0.701
Tony Gwynn,356,860,43.685,2.275,26.848,23.663,0.231,0.297,-1.756,0.090,-1.635,-0.222,-2.083,0.067,1.025,-0.153,-1.450,0.622,-1.281,-0.311,-7.180,0.093
Daniel Descalso,302,734,43.987,2.682,31.113,4.828,0.245,0.318,-1.739,0.320,-1.592,0.244,-1.887,-0.045,-0.549,0.364,-0.868,-1.144,-0.559,-0.878,-7.194,-1.138
Eric Hinske,339,649,33.929,10.991,43.965,0.000,0.236,0.315,-2.296,0.000,-0.709,0.000,-1.297,0.000,-0.953,0.000,-1.267,0.000,-0.674,0.000,-7.195,0.000
Brian Bogusevic,252,547,42.429,7.071,29.571,12.857,0.227,0.310,-1.825,0.000,-1.125,0.000,-1.958,0.000,0.122,0.000,-1.648,0.000,-0.834,0.000,-7.269,0.000
Xavier Nady,260,675,44.238,8.723,50.469,1.869,0.237,0.288,-1.725,0.000,-0.950,0.000,-0.998,0.000,-0.797,0.000,-1.213,0.000,-1.594,0.000,-7.276,0.000
Lou Marson,236,700,56.288,2.746,37.068,10.983,0.216,0.304,-1.057,0.000,-1.585,0.000,-1.613,0.000,-0.035,0.000,-2.110,0.000,-1.033,0.000,-7.434,0.000
Jose Lopez,313,1060,46.581,11.387,55.380,2.588,0.236,0.265,-1.595,0.000,-0.667,0.000,-0.772,0.000,-0.737,0.000,-1.263,0.000,-2.430,0.000,-7.464,0.000
Alexi Amarista,129,327,47.721,6.279,46.465,10.047,0.226,0.266,-1.532,0.000,-1.210,0.000,-1.182,0.000,-0.113,0.000,-1.665,0.000,-2.365,0.000,-8.066,0.000
Don Kelly,306,608,41.824,9.000,32.824,3.706,0.234,0.281,-1.859,0.000,-0.920,0.000,-1.809,0.000,-0.643,0.000,-1.360,0.000,-1.867,0.000,-8.457,0.000
Paul Janish,251,703,43.888,3.227,36.789,3.227,0.220,0.284,-1.745,0.000,-1.534,0.000,-1.626,0.000,-0.683,0.000,-1.909,0.000,-1.741,0.000,-9.239,0.000
Luis Valbuena,198,583,42.545,5.727,43.364,1.636,0.206,0.287,-1.819,0.000,-1.268,0.000,-1.324,0.000,-0.816,0.000,-2.526,0.000,-1.644,0.000,-9.397,0.000
Cesar Izturis,230,669,41.557,2.113,28.174,8.452,0.232,0.270,-1.874,0.000,-1.652,0.000,-2.022,0.000,-0.246,0.000,-1.438,0.000,-2.236,0.000,-9.469,0.000
Humberto Quintero,210,665,32.400,5.400,49.371,0.771,0.236,0.259,-2.381,1.120,-1.303,-0.287,-1.048,0.753,-0.888,0.101,-1.253,0.339,-2.613,0.084,-9.487,2.110
Jesus Flores,113,363,38.708,10.035,40.142,1.434,0.212,0.249,-2.032,0.000,-0.810,0.000,-1.472,0.000,-0.833,0.000,-2.261,0.000,-2.967,0.000,-10.375,0.000
Jeff Mathis,232,663,43.293,9.776,46.784,3.491,0.195,0.230,-1.777,0.000,-0.838,0.000,-1.167,0.000,-0.661,0.000,-3.000,0.000,-3.631,0.000,-11.074,0.000
