name,g,ab,r,hr,rbi,sb,avg,obp,r_score,hr_score,rbi_score,sb_score,avg_score,obp_score,total_score
Miguel Cabrera,161,572,111.689440994,30.1863354037,105.652173913,2.01242236025,0.344405594406,0.447674418605,1.81777510139,1.2422340553,1.38381544729,-0.789971543746,2.73835501662,3.35117648374,9.74338456059
Ryan Braun,150,563,117.72,35.64,119.88,35.64,0.33214920071,0.397456279809,2.12155934277,1.76857065381,1.97803619226,1.88975617716,2.30542525603,1.87777650898,11.941124131
Carlos Gonzalez,127,481,117.354330709,33.1653543307,117.354330709,25.5118110236,0.295218295218,0.363468634686,2.10313906562,1.52974104464,1.87255239743,1.08265704402,1.00092342043,0.880579148272,8.46959212041
Josh Hamilton,121,487,107.107438017,33.4710743802,125.851239669,10.7107438017,0.297741273101,0.345724907063,1.58696062846,1.55924627879,2.22742316558,-0.0968162608535,1.09004198481,0.359978256657,6.72683405344
Joey Votto,161,599,101.627329193,29.1801242236,103.639751553,8.04968944099,0.308848080134,0.415855354659,1.31090484324,1.14512398177,1.2997672514,-0.30887141432,1.48236516154,2.41760528539,7.34689510901
Jose Bautista,149,513,114.161073826,46.7516778523,111.986577181,9.78523489933,0.302144249513,0.447328244275,1.94228148695,2.84096566845,1.64836983571,-0.170568580693,1.24556730256,3.3410197304,10.8476354434
Albert Pujols,147,579,115.714285714,40.7755102041,109.102040816,9.91836734694,0.298791018998,0.365591397849,2.02052320465,2.26420197193,1.52789806883,-0.159959469497,1.12712191643,0.942861010284,7.72264670262
Troy Tulowitzki,143,537,91.7622377622,33.986013986,118.951048951,10.1958041958,0.301675977654,0.371900826446,0.813959317412,1.60894342386,1.93923883974,-0.137850972041,1.22902664396,1.12797961799,6.58129687091
Matt Kemp,161,602,115.714285714,39.2422360248,126.782608696,40.248447205,0.323920265781,0.399129172714,2.02052320465,2.11622471703,2.26632150417,2.25699594262,2.01475649019,1.92685917956,12.6016810382
Jacoby Ellsbury,158,660,122.012658228,32.8101265823,107.658227848,39.9873417722,0.321212121212,0.376033057851,2.33779832193,1.49545779133,1.46759766788,2.23618886951,1.91909732576,1.24921926951,10.7053592459
David Ortiz,146,525,93.2054794521,32.1780821918,106.520547945,1.1095890411,0.308571428571,0.398347107438,0.886661380592,1.43445878988,1.42008281949,-0.861916882736,1.47259306237,1.90391338775,6.25579255735
Robinson Cano,159,623,105.962264151,28.5283018868,120.226415094,8.15094339623,0.30176565008,0.349486049927,1.52927347646,1.08221619829,1.99250411126,-0.300802649046,1.23219412235,0.470330171979,6.0057154313
Adrian Beltre,124,487,107.129032258,41.8064516129,137.177419355,1.3064516129,0.29568788501,0.331428571429,1.58804841987,2.36369877537,2.70045754828,-0.846229220171,1.01751063207,-0.059476168945,6.76400998648
Prince Fielder,162,569,95.0,38.0,120.0,1.0,0.298769771529,0.414739884393,0.977058815182,1.99633573737,1.98304795505,-0.870649857632,1.12637139699,2.38487739261,7.59704143957
Matt Holliday,124,446,108.435483871,28.7419354839,97.9838709677,2.61290322581,0.295964125561,0.387596899225,1.65385980016,1.10283411104,1.06355115246,-0.742120186787,1.02726821316,1.58850232533,5.69389541537
Andrew McCutchen,158,572,89.2025316456,23.582278481,91.253164557,23.582278481,0.258741258741,0.363905325444,0.685016315608,0.604872370196,0.782445286173,0.928895690819,-0.287546504895,0.893391653204,3.6070748111
Adrian Gonzalez,159,630,110.037735849,27.5094339623,119.20754717,1.01886792453,0.338095238095,0.40979020979,1.73457187033,0.98388461441,1.94995140831,-0.869146302991,2.51545575974,2.2396539612,8.554371311
Paul Konerko,149,543,75.0201342282,33.7046979866,114.161073826,1.08724832215,0.300184162063,0.388106416275,-0.0294097991225,1.58179343991,1.73918701382,-0.863697178793,1.17633158677,1.60345155339,5.20765661598
Evan Longoria,133,483,95.007518797,37.7593984962,120.586466165,3.65413533835,0.244306418219,0.355400696864,0.977437568137,1.97311513499,2.00754153261,-0.659146069955,-0.797425039048,0.64386588751,4.14538901424
Dustin Pedroia,159,635,103.924528302,21.3962264151,92.7169811321,26.4905660377,0.307086614173,0.38683127572,1.42662427953,0.393895111101,0.843581131554,1.1606524611,1.4201453067,1.56603893502,6.81093722501
Curtis Granderson,156,583,141.230769231,42.5769230769,123.576923077,25.9615384615,0.26243567753,0.363901018923,3.30589419262,2.43805746071,2.13243703828,1.11849510215,-0.157049404236,0.893265299898,9.73109968942
David Wright,102,389,95.2941176471,22.2352941176,96.8823529412,20.6470588235,0.254498714653,0.34451901566,0.991874739576,0.474874062536,1.01754659362,0.694992744631,-0.437404908772,0.324597408109,3.0664806397
Justin Upton,159,592,106.981132075,31.5849056604,89.6603773585,21.3962264151,0.288851351351,0.36943620178,1.58059807493,1.37721094995,0.715923022697,0.75469270828,0.77602533437,1.05566754097,6.26011763119
Jose Reyes,126,537,129.857142857,9.0,56.5714285714,50.1428571429,0.337057728119,0.383561643836,2.73295751194,-0.80247249283,-0.666026663655,3.04546559918,2.47880803475,1.47010794969,8.25883993907
Alex Rodriguez,99,373,109.636363636,26.1818181818,101.454545455,6.54545454545,0.276139410188,0.36214953271,1.71435308912,0.855755580863,1.20850279626,-0.428741480237,0.327004375877,0.841876702007,4.51875106389
Mike Stanton,150,516,85.32,36.72,93.96,5.4,0.261627906977,0.356073211314,0.489437111526,1.87280213273,0.895495429155,-0.520020915568,-0.185582096718,0.663597458571,3.21572911969
Ian Kinsler,155,620,126.464516129,33.4451612903,80.4774193548,31.3548387097,0.254838709677,0.354659248957,2.56205684819,1.5567453902,0.332399628993,1.54827854766,-0.425395343136,0.622111809123,6.19619688104
Ryan Zimmerman,101,395,83.4059405941,19.2475247525,78.5940594059,4.81188118812,0.288607594937,0.354545454545,0.393018009416,0.186522562909,0.253741684692,-0.566887160299,0.767415182896,0.618773081584,1.6525833612
Victor Martinez,145,540,84.9103448276,13.4068965517,115.075862069,1.11724137931,0.32962962963,0.379831932773,0.468801083315,-0.377160136326,1.77739286117,-0.861307080178,2.21642702931,1.36067824327,4.58483200056
Corey Hart,130,492,99.6923076923,32.4,78.5076923077,8.72307692308,0.284552845528,0.355839416058,1.21342979359,1.45587621706,0.250134589613,-0.255210246038,0.62419020708,0.65673790677,3.94515846807
Shin-Soo Choo,85,313,70.5176470588,15.2470588235,68.6117647059,22.8705882353,0.258785942492,0.343575418994,-0.256218731376,-0.199564918697,-0.163165758292,0.872182236743,-0.285968151099,0.296912286028,0.264176963308
Hanley Ramirez,92,338,96.847826087,17.6086956522,79.2391304348,35.2173913043,0.242603550296,0.333333333333,1.07014147061,0.0283581362252,0.280682876197,1.8560791681,-0.85757504898,-0.00359046290886,2.37409613925
Carl Crawford,130,506,81.0,13.7076923077,69.7846153846,22.4307692308,0.254940711462,0.289179104478,0.271820814027,-0.348130148829,-0.114182013355,0.837133765776,-0.421792357668,-1.2990753463,-1.07422528635
Joe Mauer,82,296,75.0731707317,5.92682926829,59.2682926829,0.0,0.287162162162,0.36036036036,-0.0267381307131,-1.09906613203,-0.553392970242,-0.950338253555,0.716358495211,0.789382393009,-1.12379459832
Nelson Cruz,124,475,83.6129032258,37.8870967742,113.661290323,11.7580645161,0.263157894737,0.311890838207,0.403443574611,1.98543937607,1.71831371079,-0.0133569530994,-0.131538692829,-0.632713177058,3.32958783849
Mark Teixeira,156,589,93.4615384615,40.5,115.269230769,4.15384615385,0.247877758913,0.340643274854,0.899560133736,2.23761230894,1.78546884498,-0.619324916642,-0.671275397475,0.210883189642,3.84292416318
Aramis Ramirez,149,565,86.9798657718,28.2684563758,101.11409396,1.08724832215,0.306194690265,0.361022364217,0.573051427176,1.05713834469,1.19428394515,-0.863697178793,1.38864008474,0.808805583303,4.15822220626
Kevin Youkilis,120,431,91.8,22.95,108.0,4.05,0.257540603248,0.37330754352,0.815861557775,0.543850776525,1.48187167584,-0.627600250065,-0.329956981261,1.16925269085,3.05327946966
Josh Willingham,136,488,82.1911764706,34.5441176471,116.735294118,4.76470588235,0.245901639344,0.33214920071,0.331825307823,1.66280635903,1.84669852615,-0.570646484743,-0.741077412101,-0.0383329089349,2.49127338722
Coco Crisp,136,531,82.1911764706,9.52941176471,64.3235294118,58.3676470588,0.263653483992,0.314335060449,0.331825307823,-0.751378630615,-0.342262575717,3.70088591439,-0.114033108142,-0.560999707052,2.26403720069
Edwin Encarnacion,134,481,84.6268656716,20.552238806,66.4925373134,9.67164179104,0.272349272349,0.333962264151,0.454521063793,0.312441336391,-0.251674633238,-0.17962063328,0.19312621336,0.0148623645559,0.543655711582
Carlos Beltran,142,520,88.985915493,25.0985915493,95.8309859155,4.56338028169,0.3,0.384615384615,0.674104462573,0.751212697612,0.973636575788,-0.586689798918,1.16982647282,1.5010246996,4.48311510947
Billy Butler,159,597,75.3962264151,19.358490566,96.7924528302,2.03773584906,0.291457286432,0.361069836553,-0.0104644775407,0.197231943332,1.01379194336,-0.787954352428,0.868074176689,0.810198421421,2.09087765484
Chase Utley,103,398,84.932038835,17.3009708738,69.2038834951,22.0194174757,0.258793969849,0.344370860927,0.469893900343,-0.00134057558129,-0.138436100654,0.804353804256,-0.285684602615,0.32025054889,1.16903697464
Ryan Howard,152,557,86.3289473684,35.1710526316,123.631578947,1.06578947368,0.253141831239,0.346273291925,0.540261970482,1.72331224849,2.13471972376,-0.865407200005,-0.485333787875,0.376067866141,3.42362082099
Hunter Pence,154,606,88.3636363636,23.1428571429,102.038961039,8.41558441558,0.313531353135,0.369760479042,0.642757684764,0.562463540618,1.23291073194,-0.279713830718,1.64779133092,1.06518183441,4.87139129194
Nick Swisher,150,526,87.48,24.84,91.8,2.16,0.260456273764,0.3738170347,0.598245260276,0.726255864632,0.805283698897,-0.77821131836,-0.22696742578,1.18420115986,2.30880723953
Lance Berkman,145,488,100.551724138,34.6344827586,105.020689655,2.23448275862,0.301229508197,0.412265758092,1.25672216047,1.67152755275,1.35744170307,-0.772275906802,1.21325610656,2.31228653765,7.0389581537
Michael Bourn,158,656,96.3797468354,2.05063291139,51.2658227848,62.5443037975,0.294207317073,0.348675034868,1.04656237949,-1.47316027912,-0.887613644248,4.03371699022,0.965212873165,0.446534993658,4.13125331317
Torii Hunter,156,580,83.0769230769,23.8846153846,85.1538461538,5.19230769231,0.262068965517,0.335901386749,0.376444033978,0.63405109482,0.527709144255,-0.536571582414,-0.170002687873,0.0717562131799,0.903386215946
Alex Gordon,151,611,108.357615894,24.6754966887,93.3377483444,18.238410596,0.302782324059,0.376453488372,1.64993726756,0.710379546651,0.869507281697,0.503051431037,1.26810586222,1.26155469917,6.26253608834
Brandon Phillips,150,610,101.52,19.44,88.56,15.12,0.3,0.352765321375,1.30549822715,0.205098470042,0.669966103509,0.254550292809,1.16982647282,0.566543982079,4.1714835484
Jayson Werth,150,561,74.52,21.6,62.64,20.52,0.231729055258,0.329738058552,-0.0546036322222,0.413561427878,-0.412574659595,0.684867630796,-1.2416923228,-0.109075809433,-0.719517365381
Mike Napoli,113,369,103.221238938,43.0088495575,107.522123894,5.73451327434,0.319783197832,0.414351851852,1.39119668059,2.47974295687,1.46191332843,-0.493364089321,1.8686237956,2.37349251953,9.0816051917
Mike Morse,146,522,81.0,34.397260274,105.410958904,2.21917808219,0.302681992337,0.36,0.271820814027,1.64863306163,1.37374117724,-0.773495511917,1.26456186802,0.778809421597,4.56407083059
Jay Bruce,157,585,86.6751592357,33.0191082803,100.089171975,8.25477707006,0.25641025641,0.340874811463,0.55770209657,1.51562674637,1.15147839623,-0.292528310135,-0.369883961263,0.217676472755,2.78007144053
Derek Jeter,131,546,103.877862595,7.41984732824,75.4351145038,19.786259542,0.296703296703,0.354892205638,1.42427353456,-0.954974020509,0.121809330334,0.626397030672,1.05337778452,0.628946757152,2.89983041674
Melky Cabrera,155,658,106.606451613,18.8129032258,90.9290322581,20.9032258065,0.30547112462,0.339055793991,1.56172386775,0.144576966155,0.768908001212,0.715406280588,1.36308174275,0.164306508015,4.71800336647
Brett Gardner,159,510,88.641509434,7.1320754717,36.679245283,49.9245283019,0.258823529412,0.344827586207,0.656755302528,-0.982747063285,-1.49681753082,3.02806732406,-0.284640477023,0.33365086662,1.25426842208
Ben Zobrist,156,588,102.807692308,20.7692307692,94.5,19.7307692308,0.268707482993,0.352678571429,1.37036462352,0.333383367172,0.91804836172,0.621975096782,0.0644881299839,0.563998739021,3.8722583182
Angel Pagan,123,478,89.5609756098,9.21951219512,73.756097561,42.1463414634,0.261506276151,0.32196969697,0.703072623096,-0.781287232887,0.0516857083215,2.40823609171,-0.189878434266,-0.336999504602,1.85482925137
Shane Victorino,132,519,116.590909091,20.8636363636,74.8636363636,23.3181818182,0.279383429672,0.355172413793,2.06468235592,0.342494510434,0.0979417230051,0.907850251389,0.441592126062,0.637168063195,4.49172903001
Andre Ethier,135,487,80.4,13.2,74.4,0.0,0.29158110883,0.368421052632,0.241596328263,-0.397127852594,0.0785780940355,-0.950338253555,0.872447926603,1.02588306934,0.871039312088
Rickie Weeks,118,453,105.711864407,27.4576271186,67.2711864407,12.3559322034,0.269315673289,0.350194552529,1.51665980396,0.978884703365,-0.219154593871,0.0342861638729,0.0859710951843,0.491117635271,2.88776480778
Adam Jones,151,567,72.9536423841,26.821192053,89.0463576159,12.8741721854,0.280423280423,0.319286871961,-0.13350755466,0.917461955097,0.690278678534,0.0755838767451,0.478322533701,-0.415713578734,1.61242591068
B.J. Upton,153,560,86.8235294118,24.3529411765,85.7647058824,38.1176470588,0.242857142857,0.330721003135,0.565176117028,0.679249511394,0.553221511409,2.08719589694,-0.848617457573,-0.0802362196199,2.95598935958
Jimmy Rollins,142,567,99.2535211268,18.2535211268,71.8732394366,34.2253521127,0.268077601411,0.337559429477,1.19132629642,0.0905906481327,-0.0269512774329,1.77702515622,0.0422389684937,0.120403179644,3.19463297148
Chase Headley,113,381,61.6460176991,5.73451327434,63.0796460177,18.6371681416,0.288713910761,0.374429223744,-0.70311945685,-1.1176266695,-0.394212979985,0.534827780205,0.771170552181,1.20216278376,0.293202009814
Michael Young,159,631,89.6603773585,11.2075471698,108.0,6.11320754717,0.337559429477,0.380261248186,0.708079900995,-0.589420727746,1.48187167584,-0.463186550173,2.49652951581,1.37327435562,5.00714817033
Austin Jackson,153,591,95.2941176471,10.5882352941,47.6470588235,23.2941176471,0.248730964467,0.316513761468,0.991874739576,-0.649190906186,-1.03875019904,0.905932616193,-0.641137814982,-0.497076628595,-0.928348193031
Vladimir Guerrero,145,562,67.0344827586,14.524137931,70.3862068966,2.23448275862,0.290035587189,0.316949152542,-0.431680147717,-0.26933446848,-0.0890567303915,-0.772275906802,0.817855823032,-0.484302256355,-1.22879368671
Carlos Quentin,118,421,72.7627118644,32.9491525424,105.711864407,1.37288135593,0.254156769596,0.339544513458,-0.143125515951,1.50887527413,1.38630840226,-0.840935540507,-0.449483354948,0.178645535035,1.64028480002
Alexis Rios,145,537,71.5034482759,14.524137931,49.1586206897,12.2896551724,0.227188081937,0.264912280702,-0.206559839959,-0.26933446848,-0.975620286381,0.0290046535878,-1.40209207349,-2.01106385079,-4.83566586551
David Freese,97,333,68.4742268041,16.7010309278,91.8556701031,1.67010309278,0.297297297297,0.349862258953,-0.359154275372,-0.0592411569039,0.807608743491,-0.817250417064,1.07435953016,0.48136814319,1.1276905675
Chipper Jones,126,455,72.0,23.1428571429,90.0,2.57142857143,0.274725274725,0.34375,-0.18154647243,0.562463540618,0.730107257014,-0.745425235466,0.277053195913,0.302034491976,0.944686777625
Dan Uggla,161,600,88.5465838509,36.2236024845,82.5093167702,1.00621118012,0.233333333333,0.311011904762,0.65197350764,1.82489449646,0.417261194523,-0.870154898651,-1.1850247793,-0.65850108052,0.180448440144
Jason Heyward,128,396,63.28125,17.71875,53.15625,11.390625,0.227272727273,0.319383259912,-0.620746031185,0.0389795505171,-0.808660537762,-0.0426376187387,-1.39910216586,-0.412885556676,-3.2450523597
Justin Morneau,69,264,44.6086956522,9.39130434783,70.4347826087,0.0,0.227272727273,0.284722222222,-1.56135995295,-0.764707464237,-0.0870279808354,-0.950338253555,-1.39910216586,-1.42984025237,-6.19237606981
Michael Cuddyer,139,529,81.5827338129,23.309352518,81.5827338129,12.8201438849,0.283553875236,0.345890410959,0.301175530416,0.578532113935,0.378562744616,0.0712784481408,0.588903810431,0.36483414024,2.28328678778
Martin Prado,129,551,82.8837209302,16.3255813953,71.5813953488,5.02325581395,0.259528130672,0.30220713073,0.366711641425,-0.0954760273021,-0.0391400552684,-0.550043055428,-0.259752009642,-0.916833112481,-1.4945326187
Miguel Montero,140,493,75.2142857143,20.8285714286,99.5142857143,1.15714285714,0.281947261663,0.351449275362,-0.0196295844098,0.339110371508,1.12746844982,-0.858127395415,0.532153770669,0.527931197761,1.64890680993
Nick Markakis,160,641,72.9,15.1875,73.9125,12.15,0.283931357254,0.350558659218,-0.136209743784,-0.205312978197,0.0582178076924,0.0178757569158,0.602237520471,0.50180052394,0.838608887039
Jim Thome,93,277,55.7419354839,26.1290322581,87.0967741935,0.0,0.256317689531,0.361111111111,-1.00053253829,0.850661178179,0.608854931398,-0.950338253555,-0.373153679747,0.811409416785,-0.053098945228
Carlos Ruiz,132,410,60.1363636364,7.36363636364,49.0909090909,1.22727272727,0.282926829268,0.371002132196,-0.779166986396,-0.960398976039,-0.978448240308,-0.852538858558,0.566754810687,1.10161193258,-1.90218631803
Juan Pierre,158,639,82.0253164557,2.05063291139,51.2658227848,27.6835443038,0.278560250391,0.329479768786,0.323470251724,-1.47316027912,-0.887613644248,1.25571898549,0.412515154646,-0.116654030034,-0.485723561535
Chris Young,156,567,92.4230769231,20.7692307692,73.7307692308,22.8461538462,0.236331569665,0.331306990881,0.847248523761,0.333383367172,0.0506278784639,0.870235099467,-1.07911877061,-0.0630433416707,0.959332756582
Carlos Santana,155,552,87.7935483871,28.2193548387,82.5677419355,5.22580645161,0.239130434783,0.351063829787,0.614039991546,1.05239952447,0.419701303436,-0.533902120019,-0.980255105207,0.516622226257,1.08860582049
Elvis Andrus,150,587,103.68,5.4,64.8,39.96,0.279386712095,0.346687211094,1.4143063759,-1.14991075589,-0.322362929336,2.23401004755,0.441708070329,0.388212252753,3.0059630613
Starlin Castro,158,674,93.3037974684,10.253164557,67.6708860759,22.5569620253,0.307121661721,0.341258741259,0.891614066398,-0.681528793664,-0.202461262537,0.84718986715,1.42138328313,0.228940971297,2.50513813178
Neil Walker,159,596,77.4339622642,12.2264150943,84.5660377358,9.16981132075,0.273489932886,0.333836858006,0.0921847193929,-0.491089143862,0.503159507936,-0.219610698483,0.233417501755,0.0111829488076,0.129244835547
Pablo Sandoval,117,426,76.1538461538,31.8461538462,96.9230769231,2.76923076923,0.31455399061,0.356989247312,0.0276999674731,1.40242417659,1.0192474181,-0.729662695613,1.683913718,0.690473950766,4.09409653531
Marco Scutaro,113,395,84.5840707965,10.0353982301,77.4159292035,5.73451327434,0.298734177215,0.358447488584,0.452365308634,-0.702545558764,0.204537442086,-0.493364089321,1.12511410727,0.733258743389,1.31936595329
Dexter Fowler,125,481,108.864,6.48,58.32,15.552,0.266112266112,0.363309352518,1.6754459329,-1.04567927697,-0.592998120112,0.288975679848,-0.0271821158399,0.875905810142,1.17446790996
David Murphy,120,404,62.1,14.85,62.1,14.85,0.274752475248,0.328018223235,-0.680250487533,-0.237885315358,-0.435127592159,0.233034425909,0.278013993671,-0.159535770185,-1.00175074566
Asdrubal Cabrera,151,604,93.3377483444,26.821192053,98.701986755,18.238410596,0.273178807947,0.331825037707,0.89332431268,0.917461955097,1.09354303565,0.503051431037,0.222427707476,-0.0478438500415,3.5819645919
Freddie Freeman,157,571,69.1337579618,21.6687898089,78.4203821656,4.12738853503,0.281961471103,0.346456692913,-0.325930958563,0.42020037558,0.2464881086,-0.621433281845,0.532655687435,0.381448850332,0.633428781539
Yadier Molina,139,475,64.1007194245,16.3165467626,75.7553956835,4.6618705036,0.305263157895,0.348927875244,-0.579465961263,-0.0963479653891,0.135185774494,-0.57884127112,1.35573578219,0.4539533292,0.690219688114
Derrek Lee,113,435,78.8495575221,27.2389380531,84.5840707965,2.86725663717,0.266666666667,0.324947589099,0.163494117263,0.957778884175,0.503912653121,-0.721851171438,-0.00759915324427,-0.249628162439,0.646107167437
Rafael Furcal,87,333,81.9310344828,14.8965517241,52.1379310345,16.7586206897,0.231231231231,0.29781420765,0.318720878143,-0.233392579198,-0.851190313611,0.385129347094,-1.25927684581,-1.04572145662,-2.68573097
Mark Trumbo,149,539,70.6711409396,31.5302013423,94.5906040268,9.78523489933,0.254174397032,0.291448516579,-0.248486608686,1.37193140182,0.921832410808,-0.170568580693,-0.448860705126,-1.23249080506,0.19335711306
Jason Kubel,99,366,60.5454545455,19.6363636364,94.9090909091,1.63636363636,0.273224043716,0.331670822943,-0.758559382466,0.224049648027,0.935133916693,-0.819939060226,0.224025560079,-0.0523685105713,-0.247657828464
Magglio Ordonez,92,329,58.1086956522,8.80434782609,56.347826087,3.52173913043,0.255319148936,0.302521008403,-0.881309023266,-0.821355007127,-0.675365352087,-0.66969651139,-0.408424898286,-0.907623942905,-4.36377473506
Ichiro Suzuki,161,677,80.4968944099,5.03105590062,47.2919254658,40.248447205,0.271787296898,0.309722222222,0.246477301119,-1.18551778285,-1.05358223361,2.25699594262,0.173275684437,-0.696340360648,-0.258691448926
Matthew Joyce,141,462,79.2765957447,21.829787234,86.170212766,14.9361702128,0.277056277056,0.346743295019,0.185005801727,0.435738338286,0.570157380669,0.239901191941,0.359390652281,0.389857754874,2.18005111978
Emilio Bonifacio,152,565,83.1315789474,5.32894736842,38.3684210526,42.6315789474,0.295575221239,0.360317460317,0.379197276609,-1.15676809003,-1.42626962855,2.44690388845,1.01353103573,0.788123705936,2.04471818814
Alfonso Soriano,137,475,59.1240875912,30.7445255474,104.058394161,2.36496350365,0.244210526316,0.28937007874,-0.830159524588,1.29610533696,1.31725173011,-0.761878105532,-0.80081220659,-1.29347216227,-1.0729649319
Drew Stubbs,158,604,94.3291139241,15.3797468354,45.1139240506,41.0126582278,0.243377483444,0.321481481481,0.943263504096,-0.186759115256,-1.14454578739,2.31789469318,-0.830237587346,-0.351323744911,0.748291962375
Brian McCann,128,466,64.546875,30.375,89.859375,3.796875,0.270386266094,0.351043643264,-0.556991256527,1.26044219409,0.724234097492,-0.647771375283,0.123787397303,0.516029953746,1.41973101082
Travis Hafner,94,325,70.6595744681,22.4042553191,98.2340425532,0.0,0.28,0.361413043478,-0.249069259775,0.491180614306,1.07399949116,-0.950338253555,0.46337109718,0.820268111129,1.64941180044
Howie Kendrick,140,537,99.5142857143,20.8285714286,72.9,16.2,0.284916201117,0.337931034483,1.20446208902,0.339110371508,0.0159310591337,0.340613760406,0.637024932531,0.131306068902,2.66844828151
Rajai Davis,95,320,75.0315789474,1.70526315789,49.4526315789,57.9789473684,0.2375,0.272997032641,-0.0288332812026,-1.50649213113,-0.963341012753,3.66991105957,-1.03784657605,-1.7738572639,-1.64045920547
Aaron Hill,137,520,72.1313868613,9.4598540146,72.1313868613,24.8321167883,0.246153846154,0.298769771529,-0.174927971898,-0.758091692804,-0.0161698302832,1.02849330069,-0.732168769281,-1.01768521655,-1.67055018013
Eric Hosmer,128,523,83.53125,24.046875,98.71875,13.921875,0.292543021033,0.333925399645,0.399330363343,0.649710872301,1.09424314738,0.159073633443,0.906425328936,0.0137807601042,3.22256410551
Kelly Johnson,147,545,82.6530612245,23.1428571429,63.9183673469,17.6326530612,0.222018348624,0.303776683087,0.355092356437,0.562463540618,-0.359184043727,0.45477958477,-1.58470136797,-0.870782453125,-1.44233238299
Daniel Murphy,109,391,72.8256880734,8.91743119266,72.8256880734,7.43119266055,0.319693094629,0.361904761905,-0.139953143397,-0.810441260331,0.0128274445605,-0.358158430637,1.865441101,0.834695127633,1.40441083883
Mark Reynolds,155,534,87.7935483871,38.6709677419,89.8838709677,6.27096774194,0.220973782772,0.322580645161,0.614039991546,2.06109125593,0.72525716399,-0.450614893312,-1.62159832605,-0.319074287306,1.00910090481
Todd Helton,124,421,77.0806451613,18.2903225806,90.1451612903,0.0,0.301662707838,0.384928716904,0.0743866731504,0.0941423795815,0.736169873295,-0.950338253555,1.22855791735,1.5102178676,2.69313645742
Ben Revere,117,450,77.5384615385,0.0,41.5384615385,47.0769230769,0.266666666667,0.309623430962,0.0974487807741,-1.67106815048,-1.29387387058,2.80114623146,-0.00759915324427,-0.699238895785,-0.773185057857
Wilson Betemit,97,323,66.8041237113,13.3608247423,76.824742268,6.68041237113,0.284829721362,0.342618384401,-0.443284287292,-0.381606555619,0.179846703031,-0.417986907592,0.633970228138,0.268832895206,-0.160227924127
Ian Desmond,154,584,68.3766233766,8.41558441558,51.5454545455,26.2987012987,0.253424657534,0.297770700637,-0.36407096438,-0.858874808262,-0.875934910469,1.14536306781,-0.475343580035,-1.0469979522,-2.47585914753
Jon Jay,159,455,57.0566037736,10.1886792453,37.6981132075,6.11320754717,0.296703296703,0.344129554656,-0.934307249944,-0.687752311631,-1.45426482786,-0.463186550173,1.05337778452,0.313170623936,-2.17296253115
Delmon Young,124,473,70.5483870968,15.6774193548,83.6129032258,1.3064516129,0.268498942918,0.302186878728,-0.25467022831,-0.158030553284,0.463352140658,-0.846229220171,0.05712191711,-0.917427306144,-1.65588325014
Bobby Abreu,142,502,61.6056338028,9.12676056338,68.4507042254,23.9577464789,0.252988047809,0.352739726027,-0.705153761014,-0.790238751173,-0.169892399322,0.958816133289,-0.490765844416,0.565793014685,-0.631441607951
Cody Ross,121,405,72.2975206612,18.7438016529,69.6198347107,6.69421487603,0.23950617284,0.325379609544,-0.166559124118,0.137907929914,-0.121064027106,-0.416887008117,-0.9669829967,-0.236952684426,-1.77053791055
Jonny Gomes,120,311,55.35,18.9,58.05,9.45,0.209003215434,0.325268817204,-1.02027595238,0.152982730583,-0.604274586394,-0.197282912078,-2.04443190829,-0.240203331207,-3.95348595976
Denard Span,70,284,85.6285714286,4.62857142857,37.0285714286,13.8857142857,0.264084507042,0.327974276527,0.504981132776,-1.22436181226,-1.48222803266,0.156192044126,-0.0988081806151,-0.160825166387,-2.30505001502
Johnny Damon,150,582,85.32,17.28,78.84,20.52,0.26116838488,0.325581395349,0.489437111526,-0.00336448779329,0.264013317345,0.684867630796,-0.201813689502,-0.2310322898,1.00210759257
Adam Dunn,122,415,47.8032786885,14.606557377,55.7704918033,0.0,0.159036144578,0.292338709677,-1.40043557045,-0.261380115934,-0.699477539434,-0.950338253555,-3.80940719883,-1.20637254342,-8.32741122163
Erick Aybar,143,556,80.4335664336,11.3286713287,66.8391608392,33.986013986,0.278776978417,0.322147651007,0.243287208585,-0.577730959033,-0.237198009162,1.75795268482,0.420170588598,-0.331778333926,1.27470317989
Colby Rasmus,129,471,94.1860465116,17.5813953488,66.5581395349,6.27906976744,0.225053078556,0.297709923664,0.936056605813,0.0257233667884,-0.2489347768,-0.449969255896,-1.47750630425,-1.04878114832,-2.26341151266
Alexei Ramirez,158,614,83.0506329114,15.3797468354,71.7721518987,7.17721518987,0.268729641694,0.328402366864,0.375119689422,-0.186759115256,-0.031173167109,-0.378397487876,0.0652708366422,-0.148264997766,-0.304204241943
Ryan Ludwick,139,490,65.2661870504,15.1510791367,87.4100719424,1.1654676259,0.236734693878,0.310344827586,-0.520756528484,-0.20882797861,0.621939714738,-0.857464007946,-1.06487930726,-0.678073121966,-2.70806122953
Scott Rolen,65,252,77.2615384615,12.4615384615,89.7230769231,2.49230769231,0.242063492063,0.278810408922,0.0834990181139,-0.468397239888,0.718541650571,-0.751730251407,-0.87665140105,-1.603292829,-2.89803105266
Aubrey Huff,150,521,48.6,12.96,63.72,5.4,0.245681381958,0.305699481865,-1.36030141722,-0.420290403465,-0.367468794466,-0.520020915568,-0.748857512836,-0.814367545298,-4.23130658885
Jose Tabata,91,334,94.3516483516,7.12087912088,37.3846153846,28.4835164835,0.266467065868,0.349081364829,0.944398656573,-0.983827630141,-1.46735796723,1.31946748528,-0.0146496060949,0.45845671298,0.25648765136
Cameron Maybin,137,516,96.9635036496,10.6423357664,47.299270073,47.299270073,0.263565891473,0.322695035461,1.07596862869,-0.643969635595,-1.05327548837,2.81886470692,-0.117127118459,-0.315718076409,1.76474301678
Stephen Drew,86,321,82.8837209302,9.41860465116,84.7674418605,7.53488372093,0.252336448598,0.317280453258,0.366711641425,-0.7620726948,0.511571088752,-0.349895456364,-0.513782132672,-0.4745818948,-1.22204944846
Will Venable,121,370,65.6033057851,12.0495867769,58.9090909091,34.8099173554,0.245945945946,0.309756097561,-0.503774461152,-0.508154955941,-0.568394920951,1.82360822272,-0.739512380254,-0.695346458356,-1.19157495393
Vernon Wells,131,505,74.1984732824,30.9160305344,81.6183206107,11.1297709924,0.217821782178,0.24763705104,-0.0708002650514,1.31265739106,0.380049016189,-0.0634246561772,-1.7329357142,-2.51791901425,-2.69237324243
David DeJesus,131,442,74.1984732824,12.3664122137,56.8854961832,4.9465648855,0.239819004525,0.322709163347,-0.0708002650514,-0.477577933862,-0.65290972723,-0.556154432498,-0.95593291541,-0.315303564306,-3.02867883836
Carlos Lee,155,585,68.9806451613,18.8129032258,98.2451612903,4.18064516129,0.275213675214,0.341500765697,-0.333643884661,0.144576966155,1.07446386177,-0.617189346726,0.294304853438,0.236041967261,0.798554417232
Michael Brantley,114,451,89.5263157895,9.94736842105,65.3684210526,18.4736842105,0.266075388027,0.31845841785,0.701326664354,-0.711041370972,-0.298623000321,0.521800007979,-0.0284847519327,-0.440020418769,-0.255042869661
Raul Ibanez,144,535,73.125,22.5,94.5,2.25,0.244859813084,0.288695652174,-0.124875561623,0.500420993643,0.91804836172,-0.771039362727,-0.777877600199,-1.3132598348,-1.56858300399
Jed Lowrie,88,309,73.6363636364,11.0454545455,66.2727272727,1.84090909091,0.252427184466,0.302941176471,-0.0991160567107,-0.605064388819,-0.260854931433,-0.803639161059,-0.51057709059,-0.895296213632,-3.17454784224
Logan Morrison,123,462,71.1219512195,30.2926829268,94.8292682927,2.63414634146,0.246753246753,0.329523809524,-0.225777427206,1.25249772161,0.931800149869,-0.740427356976,-0.710996280501,-0.115361874981,0.391734931812
Jeff Keppinger,99,379,63.8181818182,9.81818181818,57.2727272727,0.0,0.277044854881,0.299748110831,-0.593698551027,-0.723509251226,-0.636737140844,-0.950338253555,0.358987189434,-0.988980745662,-3.53427675288
J.J. Hardy,129,527,95.4418604651,37.6744186047,100.465116279,0.0,0.26944971537,0.309734513274,0.999317157411,1.96491367224,1.16717959354,-0.950338253555,0.0907058326127,-0.695979741233,2.57579826101
Nolan Reimold,87,267,74.4827586207,24.2068965517,83.7931034483,13.0344827586,0.247191011236,0.327868852459,-0.0564796347869,0.665154652852,0.470878147076,0.0883587691723,-0.695533226897,-0.163918308094,0.308460399322
Danny Espinosa,158,573,73.8227848101,21.5316455696,67.6708860759,17.4303797468,0.235602094241,0.323124042879,-0.0897252498566,0.406964498833,-0.202461262537,0.438660748808,-1.10488586235,-0.303131000622,-0.854578127721
Brennan Boesch,115,428,105.652173913,22.5391304348,76.0695652174,7.04347826087,0.282710280374,0.341101694915,1.5136529465,0.504197496502,0.148306967665,-0.389054769224,0.559105704158,0.22433323226,2.56054157786
Matt Wieters,139,500,83.9136690647,25.6402877698,79.2517985612,1.1654676259,0.262,0.328493647913,0.418594395973,0.803492140377,0.281211956567,-0.857464007946,-0.172438740893,-0.145586812184,0.327808931894
Alex Avila,141,464,72.3829787234,21.829787234,94.2127659574,3.44680851064,0.29525862069,0.388686131387,-0.162254247475,0.435738338286,0.906052120994,-0.675667612287,1.00234782773,1.62046039225,3.1266768195
Mitch Moreland,134,464,72.5373134328,19.3432835821,61.6567164179,2.41791044776,0.258620689655,0.319607843137,-0.154479768761,0.195764307751,-0.453641193519,-0.757658848486,-0.291805338845,-0.406296285816,-1.86811712768
Garrett Jones,148,423,55.8243243243,17.5135135135,63.4864864865,6.56756756757,0.243498817967,0.320754716981,-0.996382271062,0.0191720481889,-0.377221413953,-0.426979328976,-0.825951716037,-0.372647012204,-2.98000969404
Jonathan Lucroy,136,430,53.6029411765,14.2941176471,70.2794117647,2.38235294118,0.26511627907,0.3125,-1.10828254328,-0.291533870684,-0.0935169959595,-0.760492369149,-0.0623631358517,-0.614840372679,-2.9310292876
Mike Aviles,91,286,55.1868131868,12.4615384615,69.4285714286,24.9230769231,0.255244755245,0.288524590164,-1.02849634823,-0.468397239888,-0.129052078782,1.03574176792,-0.411052689447,-1.31827879343,-2.31953538185
Chris Johnson,107,378,48.4485981308,10.5981308411,63.5887850467,3.02803738318,0.251322751323,0.291358024691,-1.36792815662,-0.648235880724,-0.372948946304,-0.709038811693,-0.549588727145,-1.23514583667,-4.88288635915
Gaby Sanchez,159,572,73.358490566,19.358490566,79.4716981132,3.05660377358,0.265734265734,0.352048558422,-0.113113674474,0.197231943332,0.290395993175,-0.706762401864,-0.0405341357914,0.545514160132,0.172731884509
Omar Infante,148,579,60.2027027027,7.66216216216,53.6351351351,4.37837837838,0.27633851468,0.314606741573,-0.775825212786,-0.931588063562,-0.788660048578,-0.601432303836,0.33403729784,-0.553028584051,-3.31649691497
Seth Smith,147,476,73.8367346939,16.5306122449,65.0204081633,11.0204081633,0.283613445378,0.347091932458,-0.0890225364185,-0.075688371124,-0.313157650738,-0.0721396046019,0.591007992778,0.400086775814,0.441086605708
Josh Reddick,87,254,76.3448275862,13.0344827586,52.1379310345,1.86206896552,0.279527559055,0.327338129496,0.0373204934456,-0.413102025608,-0.851190313611,-0.801952964594,0.44668317492,-0.179489717519,-1.76173135297
Jhonny Peralta,146,525,75.4520547945,23.301369863,95.4246575342,0.0,0.299047619048,0.345486111111,-0.00765217077543,0.577761702886,0.956666396933,-0.950338253555,1.13618574064,0.352971984457,2.06559540059
Jeff Francoeur,153,601,81.5294117647,21.1764705882,92.1176470588,23.2941176471,0.284525790349,0.329268292683,0.298489477936,0.372686338106,0.818550129817,0.905932616193,0.623234543247,-0.122858737986,2.89603436731
Wilson Ramos,113,389,68.814159292,21.5044247788,74.5486725664,0.0,0.26735218509,0.334106728538,-0.342030467636,0.404337403195,0.0847873576718,-0.950338253555,0.0166152555179,0.0191009490548,-0.767527755752
Chris Denorfia,111,307,55.4594594595,7.2972972973,27.7297297297,16.0540540541,0.276872964169,0.337278106509,-1.01476202592,-0.966801401034,-1.87059127296,0.328983562082,0.352915533562,0.112149164977,-3.0581064393
A.J. Pierzynski,129,464,47.7209302326,10.0465116279,60.2790697674,0.0,0.286637931034,0.323293172691,-1.40458380334,-0.701472997755,-0.511178178715,-0.950338253555,0.6978412003,-0.298168732678,-3.16790076574
Lucas Duda,100,301,61.56,16.2,81.0,1.62,0.292358803987,0.369942196532,-0.70745252472,-0.107595966711,0.354225047604,-0.821243052159,0.899918272822,1.07051342478,0.688365201615
Andres Torres,112,348,72.3214285714,5.78571428571,27.4821428571,27.4821428571,0.221264367816,0.312182741117,-0.165354783628,-1.1126852277,-1.88093166193,1.23966962727,-1.6113340577,-0.624148746939,-4.15478485063
Carlos Pena,153,493,76.2352941176,29.6470588235,84.7058823529,2.11764705882,0.225152129817,0.357024793388,0.0318028388437,1.19018813354,0.509000075008,-0.781586356305,-1.47400753945,0.691516872499,0.166914024134
Eduardo Nunez,112,309,54.9642857143,7.23214285714,43.3928571429,31.8214285714,0.265372168285,0.313253012048,-1.03970597894,-0.973089497011,-1.21642561315,1.5854603453,-0.0533244202757,-0.592747002446,-2.28983216652
Hideki Matsui,141,517,66.6382978723,13.7872340426,82.7234042553,1.14893617021,0.251450676983,0.320754716981,-0.451637621809,-0.340453525996,0.426202491959,-0.858781373132,-0.545070038641,-0.372647012204,-2.14238707982
Willie Bloomquist,97,350,73.4845360825,6.68041237113,43.4226804124,33.4020618557,0.265714285714,0.316622691293,-0.106764239613,-1.02633735305,-1.21518005355,1.71141847626,-0.0412398854174,-0.493880628002,-1.17198368336
Marlon Byrd,119,446,69.4285714286,12.2521008403,47.6470588235,4.08403361345,0.275784753363,0.324324324324,-0.311079982846,-0.488610196369,-1.03875019904,-0.624888166002,0.314476914871,-0.267914748215,-2.4167663776
Jemile Weeks,97,406,83.5051546392,3.34020618557,60.1237113402,36.7422680412,0.302955665025,0.340229885057,0.398015831907,-1.34870275176,-0.517666675257,1.97759414924,1.27422874508,0.198754334808,1.98222363401
Adam Lind,125,499,72.576,33.696,112.752,1.296,0.250501002004,0.29520295203,-0.152530966097,1.58095399176,1.68033748241,-0.847062092438,-0.578615188327,-1.12233568522,0.560747542082
Chris Iannetta,112,345,73.7678571429,20.25,79.5535714286,8.67857142857,0.23768115942,0.370283018868,-0.092492184019,0.283272079231,0.293815406805,-0.258756817504,-1.03144752373,1.08051315065,0.274904111428
Yunel Escobar,133,513,93.7894736842,13.3984962406,58.4661654135,3.65413533835,0.29044834308,0.369230769231,0.916079589518,-0.377970855633,-0.586893566937,-0.659146069955,0.832435503944,1.04964015085,1.17414475179
Ramon Hernandez,91,298,49.8461538462,21.3626373626,64.0879120879,0.0,0.281879194631,0.341463414634,-1.29752748525,0.390653410534,-0.352103060191,-0.950338253555,0.529749454622,0.234946087245,-1.44461984659
Ryan Roberts,143,482,97.4265734266,21.5244755245,73.6363636364,20.3916083916,0.248962655602,0.340579710145,1.09929537183,0.406272513268,0.0466850580855,0.674636309473,-0.632953842604,0.209018201359,1.80295361141
Jason Bay,123,444,77.7073170732,15.8048780488,75.0731707317,14.487804878,0.245495495495,0.32874015748,0.105954733616,-0.145729434608,0.106692860918,0.20417167763,-0.755423537363,-0.138354222543,-0.622687922351
Jorge Posada,115,344,47.8956521739,19.7217391304,61.9826086957,0.0,0.235465116279,0.315245478036,-1.39578233529,0.23228929063,-0.440030403587,-0.950338253555,-1.10972430322,-0.534288058988,-4.19787406401
Russell Martin,125,417,73.872,23.328,84.24,10.368,0.237410071942,0.324210526316,-0.0872460768471,0.580331794147,0.489542642991,-0.12412896462,-1.04102308403,-0.271253581292,-0.453777269652
Placido Polanco,122,469,61.0819672131,6.6393442623,66.393442623,3.98360655738,0.277185501066,0.335249042146,-0.731533016657,-1.03030086205,-0.25581329226,-0.632891037007,0.363955202101,0.0526164253459,-2.23396658053
Mark Ellis,132,480,67.5,8.59090909091,50.3181818182,17.1818181818,0.247916666667,0.288235294118,-0.408230115659,-0.841954113632,-0.927191575388,0.418853276404,-0.669901067903,-1.32676673818,-3.75519033435
Alberto Callaspo,141,475,62.0425531915,6.89361702128,52.8510638298,9.1914893617,0.288421052632,0.365671641791,-0.683144321276,-1.00576083824,-0.821406543533,-0.217883210173,0.760825992184,0.945215367182,-1.02215355385
Scott Sizemore,110,368,73.6363636364,16.2,82.4727272727,7.36363636364,0.244565217391,0.341981132075,-0.0991160567107,-0.107595966711,0.415733045507,-0.363541883573,-0.78828353574,0.250135914732,-0.692668482496
Ryan Hanigan,91,266,48.0659340659,10.6813186813,55.1868131868,0.0,0.266917293233,0.356435643564,-1.38720453092,-0.640207369973,-0.723854695872,-0.950338253555,0.00125367101182,0.674231219213,-3.0261199601
Dustin Ackley,90,333,70.2,10.8,64.8,10.8,0.273273273273,0.348404255319,-0.272219929722,-0.6287533613,-0.322362929336,-0.089703577581,0.225764484353,0.438590322882,-0.648684990704
Geovany Soto,125,421,59.616,22.032,69.984,0.0,0.228028503563,0.310126582278,-0.805379858595,0.455254019445,-0.105854776715,-0.950338253555,-1.37240605471,-0.684476438349,-3.46320136248
Maicer Izturis,122,449,67.7213114754,6.6393442623,50.4590163934,11.9508196721,0.276169265033,0.334008097166,-0.397081739762,-1.03030086205,-0.921309663021,0.00200339608837,0.32805893169,0.0162071050189,-2.00242283203
Nyjer Morgan,119,378,83.0420168067,5.44537815126,50.3697478992,17.6974789916,0.304232804233,0.357487922705,0.374685660534,-1.14553128199,-0.925037934005,0.459945459176,1.31934083803,0.705105084651,0.788507826399
Jarrod Saltalamacchia,103,358,81.786407767,25.1650485437,88.0776699029,1.57281553398,0.234636871508,0.287564766839,0.31143543129,0.757626503918,0.649821736558,-0.825003106569,-1.13898020175,-1.34644000562,-1.59153964217
Jamey Carroll,146,452,57.698630137,0.0,18.8630136986,11.095890411,0.28982300885,0.358565737052,-0.901965722143,-1.67106815048,-2.24090691874,-0.0661245453625,0.810346967514,0.736728152908,-3.3329902163
John Mayberry,104,267,57.6346153846,23.3653846154,76.3269230769,12.4615384615,0.2734082397,0.341216216216,-0.905190410429,0.583939806878,0.159055438871,0.0427017571842,0.230531872251,0.227693286734,0.33873175149
Trevor Plouffe,81,286,94.0,16.0,62.0,6.0,0.237762237762,0.305031446541,0.926684672242,-0.126898092437,-0.439304061153,-0.472207878014,-1.02858361221,-0.833967698823,-1.97427667039
Gerardo Parra,141,445,63.1914893617,9.1914893617,52.8510638298,17.2340425532,0.292134831461,0.356997971602,-0.625267646409,-0.783991734157,-0.821406543533,0.423014952787,0.892006943071,0.690729921414,-0.224914106827
Orlando Hudson,119,398,73.512605042,9.52941176471,58.5378151261,25.8655462185,0.246231155779,0.328918322296,-0.105350289832,-0.751378630615,-0.58390113891,1.11084563428,-0.729437979271,-0.133126867628,-1.19234927197
Alcides Escobar,158,548,70.746835443,4.10126582278,47.164556962,26.6582278481,0.253649635036,0.289655172414,-0.244673562949,-1.27525240775,-1.05890173968,1.17401316182,-0.467396751742,-1.28510751512,-3.15731881541
James Loney,158,531,57.417721519,12.3037974684,66.6455696203,4.10126582278,0.28813559322,0.338514680484,-0.916116253019,-0.483620922301,-0.245283286394,-0.623514958881,0.750742775404,0.148430240039,-1.36936240515
Alex Gonzalez,149,564,64.1476510067,16.3087248322,60.8859060403,2.1744966443,0.241134751773,0.269949066214,-0.57710182303,-0.0971028648067,-0.485833849939,-0.77705610403,-0.909457079588,-1.86328458567,-4.70983630707
Kosuke Fukudome,146,530,65.4657534247,8.87671232877,38.8356164384,4.43835616438,0.262264150943,0.341708542714,-0.510703543419,-0.814371063483,-1.40675735813,-0.596652770278,-0.163108198196,0.242138144034,-3.24945478947
Mike Moustakas,89,338,47.3258426966,9.10112359551,54.606741573,3.6404494382,0.263313609467,0.308539944904,-1.42448599935,-0.792712991059,-0.748081206961,-0.660236677384,-0.126038417404,-0.731028372057,-4.48258366421
Juan Rivera,132,466,56.4545454545,13.5,90.8181818182,6.13636363636,0.257510729614,0.318618042226,-0.964635421765,-0.368174664006,0.764278366961,-0.46134127857,-0.331012200746,-0.435337040251,-1.79622223838
Roger Bernadina,91,309,71.2087912088,12.4615384615,48.0659340659,30.2637362637,0.242718446602,0.301492537313,-0.221402937174,-0.468397239888,-1.02125600442,1.46133034395,-0.853516593326,-0.937799280229,-2.04104171108
Corey Patterson,133,368,59.6842105263,7.30827067669,43.8496240602,15.8345864662,0.239130434783,0.273195876289,-0.801943811792,-0.96574235329,-1.19734888448,0.311494542046,-0.980255105207,-1.76802319214,-5.40181880486
Ty Wigginton,130,401,64.8,18.6923076923,58.5692307692,9.96923076923,0.241895261845,0.314606741573,-0.544240301596,0.132938215407,-0.582589074313,-0.155906244964,-0.882593758146,-0.553028584051,-2.58541974766
J.P. Arencibia,129,443,59.023255814,28.8837209302,97.9534883721,1.25581395349,0.218961625282,0.281893004115,-0.83523883895,1.1165179136,1.06228223277,-0.850264454023,-1.69267329979,-1.51284949938,-2.71222594577
Casey McGehee,155,546,48.0774193548,13.5870967742,70.0258064516,0.0,0.223443223443,0.28,-1.38662596934,-0.359768899577,-0.104108743227,-0.950338253555,-1.53437084418,-1.56839023192,-5.90360294179
Eric Thames,95,362,98.9052631579,20.4631578947,63.0947368421,3.41052631579,0.262430939227,0.312977099237,1.17378309971,0.303844081649,-0.393582716382,-0.678558882195,-0.157216774235,-0.600842283142,-0.352573474591
Chris Coghlan,65,269,82.2461538462,12.4615384615,54.8307692308,17.4461538462,0.230483271375,0.296296296296,0.334594745998,-0.468397239888,-0.738724761299,0.43991776148,-1.28569685886,-1.09025696917,-2.80856332173
Danny Valencia,154,564,66.2727272727,15.7792207792,75.7402597403,2.1038961039,0.246453900709,0.294407894737,-0.470052927448,-0.148205633822,0.134553626519,-0.782682147846,-0.7215700116,-1.14566266274,-3.13361975694
Ryan Theriot,132,442,56.4545454545,1.22727272727,57.6818181818,4.90909090909,0.27149321267,0.320754716981,-0.964635421765,-1.55262328807,-0.61965158587,-0.559140673567,0.162887815235,-0.372647012204,-3.90581016624
Jordan Schafer,82,302,90.8780487805,3.9512195122,25.6829268293,43.4634146341,0.241721854305,0.309309309309,0.76941905526,-1.28973347151,-1.95607536146,2.51319154,-0.888718992613,-0.708455223725,-1.56037245405
Jerry Hairston,120,337,58.05,6.75,41.85,4.05,0.270029673591,0.344,-0.884265766438,-1.01962140724,-1.28086256333,-0.627600250065,0.111191562738,0.309369490893,-3.39178893345
Chris Heisey,120,279,59.4,24.3,67.5,8.1,0.254480286738,0.309446254072,-0.81626067347,0.674140125173,-0.209598266513,-0.304862246575,-0.438055833739,-0.704437264991,-1.79907416011
Miguel Olivo,130,477,67.2923076923,23.6769230769,77.2615384615,7.47692307692,0.224318658281,0.252964426877,-0.418692437654,0.614006579643,0.198089360617,-0.354514247111,-1.50344806182,-2.36161383024,-3.82617263657
Cliff Pennington,148,515,62.3918918919,8.75675675676,63.4864864865,15.3243243243,0.264077669903,0.318505338078,-0.665546683648,-0.825948051145,-0.377221413953,0.270832570462,-0.0990496873071,-0.438643779471,-2.13557704506
Alexi Casilla,97,323,86.8453608247,3.34020618557,35.0721649485,25.0515463918,0.260061919505,0.322128851541,0.566275855746,-1.34870275176,-1.56393674269,1.04597929381,-0.240897110111,-0.33232991018,-1.87361136519
Miguel Tejada,91,322,49.8461538462,7.12087912088,46.2857142857,7.12087912088,0.239130434783,0.269794721408,-1.29752748525,-0.983827630141,-1.09560633155,-0.382886818847,-0.980255105207,-1.86781306162,-6.60791643262
Mike Carp,79,290,55.3670886076,24.6075949367,94.3291139241,0.0,0.275862068966,0.325878594249,-1.01941512841,0.703826305877,0.910911357744,-0.950338253555,0.317207916014,-0.222312475351,-0.260120277685
Ryan Raburn,121,387,70.958677686,18.7438016529,65.6033057851,1.33884297521,0.255813953488,0.297101449275,-0.234002191524,0.137907929914,-0.288813112298,-0.843648004467,-0.390947031496,-1.06663378425,-2.68613619412
John Buck,140,466,47.4428571429,18.5142857143,65.9571428571,0.0,0.227467811159,0.316287878788,-1.41859149691,0.115757202399,-0.274035216698,-0.950338253555,-1.39221126286,-0.503704025448,-4.42312305307
Skip Schumaker,117,367,47.0769230769,2.76923076923,52.6153846154,0.0,0.283378746594,0.333333333333,-1.43702511185,-1.40380794813,-0.831249612846,-0.950338253555,0.582717781892,-0.00359046290886,-4.04329360739
Edgar Renteria,96,299,57.375,8.4375,60.75,6.75,0.250836120401,0.305810397554,-0.918268312923,-0.856759721433,-0.491509923571,-0.412441581071,-0.566777878664,-0.811113279486,-4.05687069715
Lyle Overbay,121,394,57.5702479339,12.0495867769,62.9256198347,2.67768595041,0.233502538071,0.30979498861,-0.908432865593,-0.508154955941,-0.400645835759,-0.73695775538,-1.17904799948,-0.694205395132,-4.42744480728
Ruben Tejada,96,328,52.3125,0.0,60.75,8.4375,0.283536585366,0.360215053763,-1.17328741155,-1.67106815048,-0.491509923571,-0.27796741295,0.588293084335,0.785119098085,-2.24042071614
Franklin Gutierrez,92,322,45.7826086957,1.76086956522,33.4565217391,22.8913043478,0.223602484472,0.260997067449,-1.5022250895,-1.50112552181,-1.63141358037,0.87383307052,-1.52874530368,-2.12593619067,-7.41561261552
Jason Bartlett,139,554,71.0935251799,2.3309352518,46.618705036,26.8057553957,0.245487364621,0.308319738989,-0.227209364591,-1.44610812404,-1.08169907612,1.18576939545,-0.755710742365,-0.737489212649,-3.06244712432
Yuniesky Betancourt,152,556,54.3552631579,13.8552631579,72.4736842105,4.26315789474,0.251798561151,0.270547945205,-1.07038496825,-0.333887993309,-0.00187388762791,-0.610614039355,-0.532781806595,-1.84571347865,-4.39525617379
Ryan Sweeney,108,264,51.0,1.5,37.5,1.5,0.265151515152,0.345637583893,-1.23940347416,-1.52630220754,-1.46253896455,-0.83080565967,-0.0611184998833,0.35741619521,-4.76275261059
Peter Bourjos,147,502,79.3469387755,13.2244897959,47.387755102,24.2448979592,0.270916334661,0.326605504587,0.188549271616,-0.394764326995,-1.04957993856,0.981698774142,0.142510886731,-0.200984929183,-0.332570262253
Chris Getz,118,380,68.6440677966,0.0,35.6949152542,28.8305084746,0.255263157895,0.313253012048,-0.35059868094,-1.67106815048,-1.53792776926,1.34711872044,-0.410402656896,-0.592747002446,-3.21562553958
Yorvit Torrealba,113,396,57.3451327434,10.0353982301,53.0442477876,0.0,0.272727272727,0.306220095694,-0.919772850378,-0.702545558764,-0.813338275434,-0.950338253555,0.206478233312,-0.799092737825,-3.97860944264
Darwin Barney,143,529,74.7692307692,2.26573426573,48.7132867133,10.1958041958,0.275992438563,0.312611012433,-0.042048845828,-1.45240071219,-0.994219521822,-0.137850972041,0.321812931173,-0.611583268364,-2.91629038907
Justin Smoak,123,427,50.0487804878,19.756097561,72.4390243902,0.0,0.234192037471,0.323108384458,-1.28732034184,0.23560524436,-0.00332144427519,-0.950338253555,-1.15469297161,-0.303590418624,-3.46365818554
Gordon Beckham,150,499,64.8,10.8,47.52,5.4,0.230460921844,0.296363636364,-0.544240301596,-0.6287533613,-1.04405677141,-0.520020915568,-1.2864863062,-1.08828121188,-5.11183886795
Casey Kotchman,146,500,48.8219178082,11.095890411,53.2602739726,2.21917808219,0.306,0.378330373002,-1.34912249783,-0.600196791734,-0.8043160088,-0.773495511917,1.38176308551,1.31662248608,-0.828745238691
Grady Sizemore,71,268,77.5774647887,22.8169014085,73.014084507,0.0,0.223880597015,0.284745762712,0.0994135360784,0.531005347786,0.0206957631966,-0.950338253555,-1.51892159863,-1.42914957451,-3.24729477964
Orlando Cabrera,130,450,48.6,6.23076923077,63.5538461538,9.96923076923,0.237777777778,0.266806722689,-1.36030141722,-1.06973269518,-0.374408158332,-0.155906244964,-1.02803469583,-1.95548093108,-5.94386414261
Kurt Suzuki,134,460,65.2835820896,16.9253731343,53.1940298507,2.41791044776,0.236956521739,0.30078125,-0.519880268294,-0.0375897495275,-0.807082674009,-0.757658848486,-1.05704373299,-0.958668446925,-4.13792372023
Nick Hundley,82,281,67.1707317073,17.7804878049,57.2926829268,1.9756097561,0.288256227758,0.347402597403,-0.4248167237,0.044937904876,-0.635903699138,-0.792905081121,0.755003921285,0.409201683949,-0.644481993848
Endy Chavez,83,256,72.2168674699,9.75903614458,52.6987951807,19.5180722892,0.30078125,0.323420074349,-0.170621959503,-0.729217437366,-0.827765996448,0.605025618687,1.19742238593,-0.294445438562,-0.219602827265
Justin Turner,117,435,67.8461538462,5.53846153846,70.6153846154,9.69230769231,0.259770114943,0.334020618557,-0.390792912333,-1.13654774577,-0.0794851940245,-0.177973800758,-0.251204455188,0.0165744825681,-2.01942962551
Nate McLouth,81,267,70.0,8.0,32.0,8.0,0.228464419476,0.343949044586,-0.282294758309,-0.898983121458,-1.69224475919,-0.312831086167,-1.35700829772,0.307874459267,-4.23548756357
Conor Jackson,114,352,45.4736842105,7.10526315789,61.1052631579,4.26315789474,0.244318181818,0.310256410256,-1.51778689567,-0.985334736546,-0.476672467936,-0.610614039355,-0.797009516171,-0.680667286039,-5.06808494172
Robert Andino,139,457,73.4244604317,5.8273381295,41.9568345324,15.1510791367,0.262582056893,0.326693227092,-0.109790499034,-1.10866808438,-1.27640065222,0.257026939358,-0.151878879851,-0.198411151282,-2.5881223274
Matt LaPorta,107,352,51.476635514,16.6542056075,80.2429906542,1.51401869159,0.247159090909,0.298701298701,-1.21539336865,-0.0637602980074,0.322608786999,-0.829688532624,-0.696660741222,-1.01969420902,-3.50258836253
Sean Rodriguez,131,373,55.6488549618,9.89312977099,44.5190839695,13.6030534351,0.222520107239,0.322505800464,-1.00522138981,-0.716275977186,-1.16938909894,0.133667254351,-1.56697786443,-0.3212702304,-4.64546730642
Brett Wallace,115,336,52.1217391304,7.04347826087,40.852173913,1.40869565217,0.258928571429,0.334217506631,-1.18289682687,-0.991297635797,-1.32253646046,-0.838081556689,-0.280930102151,0.0223511778241,-4.59339140414
Rod Barajas,98,305,47.9387755102,26.4489795918,77.693877551,0.0,0.229508196721,0.287425149701,-1.39361003418,0.881539496489,0.216145868636,-0.950338253555,-1.32013919541,-1.35053637186,-3.91693848989
Sam Fuld,105,308,63.2571428571,4.62857142857,41.6571428571,30.8571428571,0.24025974026,0.312865497076,-0.621960407846,-1.22436181226,-1.28891718211,1.50861796351,-0.940364908954,-0.604116690051,-3.1711030377
Juan Uribe,77,270,44.1818181818,8.41558441558,58.9090909091,4.20779220779,0.203703703704,0.264406779661,-1.58286353966,-0.858874808262,-0.568394920951,-0.615026042137,-2.2316253358,-2.02589524913,-7.88267989594
Brandon Inge,102,269,46.0588235294,4.76470588235,36.5294117647,1.58823529412,0.197026022305,0.265100671141,-1.48831100398,-1.21122339055,-1.50307528125,-0.823774330618,-2.46749953185,-2.00553647612,-9.49942001437
Jonathan Herrera,104,281,43.6153846154,4.67307692308,21.8076923077,6.23076923077,0.241992882562,0.312903225806,-1.6113971451,-1.22006655901,-2.11792332968,-0.453818248185,-0.879145524135,-0.603009729264,-6.88536053537
Jack Hannahan,110,320,55.9636363636,11.7818181818,58.9090909091,2.94545454545,0.25,0.331491712707,-0.989364546481,-0.533997471375,-0.568394920951,-0.715619705562,-0.596311966274,-0.057623604104,-3.46131221475
Rick Ankiel,122,380,61.0819672131,11.9508196721,49.131147541,13.2786885246,0.239473684211,0.296116504854,-0.731533016657,-0.517687031306,-0.976767693917,0.107819134938,-0.96813058503,-1.09553204929,-4.18183124127
Aaron Miles,136,454,58.3676470588,3.57352941176,53.6029411765,4.76470588235,0.275330396476,0.314168377823,-0.868264568093,-1.32618458053,-0.79000461928,-0.570646484743,0.298427771591,-0.565890174566,-3.82256265562
Laynce Nix,124,324,49.6451612903,20.9032258065,57.4838709677,2.61290322581,0.25,0.299145299145,-1.30765231298,0.346315312447,-0.62791878989,-0.742120186787,-0.596311966274,-1.00666723792,-3.9343551814
Nate Schierholtz,115,335,59.1652173913,12.6782608696,57.7565217391,9.86086956522,0.277611940299,0.325966850829,-0.82808764616,-0.447481224052,-0.616531614962,-0.164541375492,0.379018216507,-0.219723027689,-1.89734667185
Ben Francisco,100,250,38.88,9.72,55.08,6.48,0.244,0.340206185567,-1.84993808659,-0.732984840218,-0.7283157155,-0.433957447971,-0.808248578965,0.198058991861,-4.35538567738
Angel Sanchez,110,288,51.5454545455,1.47272727273,41.2363636364,4.41818181818,0.239583333333,0.305031446541,-1.21192666892,-1.52893431559,-1.30649089579,-0.598260431566,-0.964257474418,-0.833967698823,-6.44383748511
Chone Figgins,81,288,48.0,2.0,30.0,22.0,0.1875,0.24115755627,-1.39052590298,-1.47804689322,-1.77577413906,0.802806456762,-2.80398501514,-2.70802736273,-9.35355285637
Adam Kennedy,114,380,51.1578947368,9.94736842105,54.0,11.3684210526,0.234210526316,0.276543209877,-1.23144966212,-0.711041370972,-0.773421580629,-0.0444070156876,-1.15403989441,-1.66981243917,-5.58417196299
Ronny Cedeno,128,413,54.421875,2.53125,40.5,2.53125,0.249394673123,0.296875,-1.06702945379,-1.42677562177,-1.33724489475,-0.748627001374,-0.617693787571,-1.07327780501,-6.27064856425
Greg Dobbs,134,411,45.9402985075,9.67164179104,59.2388059701,0.0,0.274939172749,0.311212814645,-1.49428160038,-0.737651921364,-0.554624473659,-0.950338253555,0.284608666362,-0.652606385411,-4.10489396801
Clint Barmes,123,446,61.9024390244,15.8048780488,51.3658536585,3.9512195122,0.244394618834,0.312373225152,-0.690202452358,-0.145729434608,-0.883435885823,-0.635471908686,-0.794309549132,-0.618559946166,-3.76770917677
Brent Morel,126,413,56.5714285714,12.8571428571,52.7142857143,6.42857142857,0.244552058111,0.28701594533,-0.958747534928,-0.430217210981,-0.827119039117,-0.438055708332,-0.788748357942,-1.36254242632,-4.80543027762
Josh Thole,114,340,31.2631578947,4.26315789474,56.8421052632,0.0,0.267647058824,0.345454545455,-2.23362997955,-1.25962810212,-0.654721935552,-0.950338253555,0.0270310122281,0.35204584823,-4.71924141032
Ramon Santiago,101,258,46.5148514851,8.0198019802,48.1188118812,0.0,0.259689922481,0.310954063604,-1.46533898656,-0.897072019901,-1.01904757886,-0.950338253555,-0.254037074978,-0.660198139835,-5.24603205368
Aaron Rowand,108,331,51.0,6.0,31.5,3.0,0.232628398792,0.273504273504,-1.23940347416,-1.09200437871,-1.71312710416,-0.711273065784,-1.20992501913,-1.75897481917,-7.72470786112
Brendan Ryan,123,436,67.1707317073,3.9512195122,51.3658536585,17.1219512195,0.247706422018,0.313402061856,-0.4248167237,-1.28973347151,-0.883435885823,0.414082574209,-0.677327491003,-0.588373881741,-3.44960487957
Wilson Valdez,99,273,63.8181818182,1.63636363636,49.0909090909,4.90909090909,0.249084249084,0.293515358362,-0.593698551027,-1.51314166727,-0.978448240308,-0.559140673567,-0.628658824133,-1.17184967612,-5.44493763243
Tony Gwynn,136,312,44.0735294118,2.38235294118,26.2058823529,26.2058823529,0.25641025641,0.307692307692,-1.58831849364,-1.44114577051,-1.93423428616,1.13796647491,-0.369883961263,-0.755898044164,-4.95151408083
Daniel Descalso,148,326,38.3108108108,1.09459459459,30.6486486486,2.18918918919,0.263803680982,0.334246575342,-1.87861050417,-1.56542813806,-1.74868352937,-0.775885278695,-0.108727734624,0.0232040536838,-6.05413113124
Matt Diaz,116,251,22.3448275862,0.0,27.9310344828,6.98275862069,0.262948207171,0.30223880597,-2.6828832253,-1.67106815048,-1.86218384237,-0.393893419951,-0.138945438223,-0.915903761073,-7.66487783739
Luke Hughes,96,287,52.3125,11.8125,50.625,5.0625,0.222996515679,0.288888888889,-1.17328741155,-0.531036349815,-0.914377409158,-0.546915749192,-1.55014979923,-1.30759027042,-6.02335698937
Don Kelly,112,257,50.625,10.125,40.5,2.89285714286,0.24513618677,0.290909090909,-1.25829377777,-0.693898035624,-1.33724489475,-0.719811108205,-0.76811531638,-1.2483175519,-6.02568068462
Paul Janish,114,336,38.3684210526,0.0,32.6842105263,4.26315789474,0.214285714286,0.258953168044,-1.87570843761,-1.67106815048,-1.66366891871,-0.610614039355,-1.85783942277,-2.18590419035,-9.86480315927
Humberto Quintero,79,262,45.1139240506,4.10126582278,51.2658227848,2.05063291139,0.240458015267,0.258302583026,-1.53590950539,-1.27525240775,-0.887613644248,-0.786926606218,-0.933361286711,-2.20499235197,-7.62405580229
Brandon Wood,105,250,40.1142857143,10.8,47.8285714286,0.0,0.216,0.27037037037,-1.78776200159,-0.6287533613,-1.03116938137,-0.950338253555,-1.79728610485,-1.85092352355,-8.04623262622
